-- phpMyAdmin SQL Dump
-- version 5.2.0
-- https://www.phpmyadmin.net/
--
-- Host: 127.0.0.1
-- Waktu pembuatan: 26 Nov 2022 pada 06.50
-- Versi server: 10.4.24-MariaDB
-- Versi PHP: 8.1.6

SET SQL_MODE = "NO_AUTO_VALUE_ON_ZERO";
START TRANSACTION;
SET time_zone = "+00:00";


/*!40101 SET @OLD_CHARACTER_SET_CLIENT=@@CHARACTER_SET_CLIENT */;
/*!40101 SET @OLD_CHARACTER_SET_RESULTS=@@CHARACTER_SET_RESULTS */;
/*!40101 SET @OLD_COLLATION_CONNECTION=@@COLLATION_CONNECTION */;
/*!40101 SET NAMES utf8mb4 */;

--
-- Database: `aspirasirakyat`
--

-- --------------------------------------------------------

--
-- Struktur dari tabel `admins`
--

CREATE TABLE `admins` (
  `id` bigint(20) UNSIGNED NOT NULL,
  `username` varchar(255) COLLATE utf8mb4_unicode_ci NOT NULL,
  `password` varchar(255) COLLATE utf8mb4_unicode_ci NOT NULL,
  `created_at` timestamp NULL DEFAULT NULL,
  `updated_at` timestamp NULL DEFAULT NULL
) ENGINE=InnoDB DEFAULT CHARSET=utf8mb4 COLLATE=utf8mb4_unicode_ci;

--
-- Dumping data untuk tabel `admins`
--

INSERT INTO `admins` (`id`, `username`, `password`, `created_at`, `updated_at`) VALUES
(1, 'Admin', '12345', '2022-09-26 13:55:44', '2022-09-26 13:55:44'),
(2, 'Manager', '12345', '2022-09-26 13:55:44', '2022-09-26 13:55:44');

-- --------------------------------------------------------

--
-- Struktur dari tabel `aspirasis`
--

CREATE TABLE `aspirasis` (
  `id` bigint(20) UNSIGNED NOT NULL,
  `category_id` bigint(20) UNSIGNED NOT NULL,
  `penduduk_id` bigint(20) UNSIGNED NOT NULL,
  `message` text COLLATE utf8mb4_unicode_ci NOT NULL,
  `status` tinyint(1) NOT NULL DEFAULT 0,
  `image` varchar(255) COLLATE utf8mb4_unicode_ci DEFAULT NULL,
  `created_at` timestamp NULL DEFAULT NULL,
  `updated_at` timestamp NULL DEFAULT NULL
) ENGINE=InnoDB DEFAULT CHARSET=utf8mb4 COLLATE=utf8mb4_unicode_ci;

--
-- Dumping data untuk tabel `aspirasis`
--

INSERT INTO `aspirasis` (`id`, `category_id`, `penduduk_id`, `message`, `status`, `image`, `created_at`, `updated_at`) VALUES
(1, 3, 1, 'Ea laborum.', 1, 'ITE.jpg', '2022-09-26 13:55:45', '2022-09-26 13:55:45'),
(2, 2, 2, 'Maxime sapiente.', 0, 'ITE.jpg', '2022-09-26 13:55:45', '2022-09-26 13:55:45'),
(3, 2, 3, 'Sed expedita ipsum culpa.', 0, 'Kriminal.jpg', '2022-09-26 13:55:45', '2022-09-26 13:55:45'),
(4, 1, 4, 'Quam perferendis consectetur quo dolorem quibusdam quisquam.', 1, 'Kriminal.jpg', '2022-09-26 13:55:45', '2022-09-26 13:55:45'),
(5, 1, 5, 'Voluptatum tempora.', 0, 'Kriminal.jpg', '2022-09-26 13:55:45', '2022-09-26 13:55:45'),
(6, 5, 6, 'Alias totam ab magni dolor quia esse.', 1, 'Bansos.jpg', '2022-09-26 13:55:45', '2022-09-26 13:55:45'),
(7, 3, 7, 'Repudiandae facere quis.', 0, 'ITE.jpg', '2022-09-26 13:55:45', '2022-09-26 13:55:45'),
(8, 3, 8, 'Et.', 0, 'Kesusilahan.jpg', '2022-09-26 13:55:45', '2022-09-26 13:55:45'),
(9, 3, 9, 'Tenetur et temporibus.', 0, 'Bansos.jpg', '2022-09-26 13:55:45', '2022-09-26 13:55:45'),
(11, 2, 11, 'Enim enim quae eveniet aut omnis delectus et.', 0, 'Fasilitas.jpg', '2022-09-26 13:55:45', '2022-09-26 13:55:45'),
(12, 3, 12, 'Qui odit ut consequatur doloremque maiores impedit.', 0, 'ITE.jpg', '2022-09-26 13:55:45', '2022-09-26 13:55:45'),
(13, 2, 13, 'Quae qui ipsa temporibus sed nesciunt at sed.', 0, 'ITE.jpg', '2022-09-26 13:55:45', '2022-09-26 13:55:45'),
(15, 4, 15, 'Eveniet tempore aut asperiores dolorum ipsa laudantium vel dolor totam.', 0, 'Fasilitas.jpg', '2022-09-26 13:55:45', '2022-09-26 13:55:45'),
(16, 1, 16, 'Atque saepe dicta vitae et ullam esse expedita.', 0, 'Bansos.jpg', '2022-09-26 13:55:45', '2022-09-26 13:55:45'),
(17, 5, 17, 'Et ullam voluptate et repudiandae iste unde natus qui explicabo sequi.', 1, 'Kesusilahan.jpg', '2022-09-26 13:55:45', '2022-09-26 13:55:45'),
(18, 4, 18, 'Deserunt atque suscipit tenetur.', 0, 'Kriminal.jpg', '2022-09-26 13:55:45', '2022-09-26 13:55:45'),
(19, 5, 19, 'Rerum hic molestiae rem sed sit maxime.', 0, 'Bansos.jpg', '2022-09-26 13:55:45', '2022-09-26 13:55:45'),
(20, 1, 20, 'Totam accusamus sint.', 0, 'Bansos.jpg', '2022-09-26 13:55:45', '2022-09-26 13:55:45'),
(21, 5, 21, 'Ipsam facilis sed pariatur suscipit dolorum odio qui amet reiciendis ut ut aspernatur ea.', 0, 'Kesusilahan.jpg', '2022-09-26 13:55:45', '2022-09-26 13:55:45'),
(22, 3, 22, 'Qui laudantium ut voluptatem earum ipsam.', 0, 'Kesusilahan.jpg', '2022-09-26 13:55:45', '2022-09-26 13:55:45'),
(23, 2, 23, 'Iure ut quia incidunt vero alias in rerum inventore culpa.', 0, 'Fasilitas.jpg', '2022-09-26 13:55:45', '2022-09-26 13:55:45'),
(24, 1, 24, 'Atque quia culpa ut quod.', 0, 'Kriminal.jpg', '2022-09-26 13:55:45', '2022-09-26 13:55:45'),
(25, 4, 25, 'Dolores ea.', 0, 'Fasilitas.jpg', '2022-09-26 13:55:45', '2022-09-26 13:55:45'),
(26, 5, 26, 'Ipsa vitae architecto ut beatae officiis sint est deleniti molestiae debitis.', 0, 'ITE.jpg', '2022-09-26 13:55:45', '2022-09-26 13:55:45'),
(27, 5, 27, 'Culpa excepturi hic consequatur quia sint eos.', 0, 'Fasilitas.jpg', '2022-09-26 13:55:45', '2022-09-26 13:55:45'),
(28, 2, 28, 'Quam dolorem tempore soluta consequatur.', 0, 'Kriminal.jpg', '2022-09-26 13:55:45', '2022-09-26 13:55:45'),
(29, 4, 29, 'Odio veritatis excepturi impedit aperiam reprehenderit fuga.', 0, 'Kesusilahan.jpg', '2022-09-26 13:55:45', '2022-09-26 13:55:45'),
(30, 2, 30, 'Sapiente quo voluptas vero quis qui.', 0, 'ITE.jpg', '2022-09-26 13:55:45', '2022-09-26 13:55:45'),
(31, 3, 31, 'Possimus consequatur similique saepe quia et.', 0, 'Bansos.jpg', '2022-09-26 13:55:45', '2022-09-26 13:55:45'),
(32, 5, 32, 'Et atque laborum voluptatem eos quo ea ut.', 0, 'Kesusilahan.jpg', '2022-09-26 13:55:45', '2022-09-26 13:55:45'),
(33, 1, 33, 'Suscipit tempore dolor distinctio porro dolor est quod omnis.', 0, 'ITE.jpg', '2022-09-26 13:55:45', '2022-09-26 13:55:45'),
(34, 4, 34, 'Voluptates laboriosam consequatur quo consequatur omnis harum illum error provident rerum rerum error.', 0, 'Kriminal.jpg', '2022-09-26 13:55:45', '2022-09-26 13:55:45'),
(35, 1, 35, 'Assumenda id ullam.', 0, 'ITE.jpg', '2022-09-26 13:55:45', '2022-09-26 13:55:45'),
(36, 2, 36, 'Vel iure architecto ipsa et.', 0, 'Bansos.jpg', '2022-09-26 13:55:45', '2022-09-26 13:55:45'),
(37, 3, 37, 'Voluptatem molestiae ad nostrum quis quos labore ut voluptates eos et velit.', 1, 'Fasilitas.jpg', '2022-09-26 13:55:45', '2022-09-26 13:55:45'),
(38, 4, 38, 'Beatae non dolor sint.', 0, 'Kriminal.jpg', '2022-09-26 13:55:45', '2022-09-26 13:55:45'),
(39, 2, 39, 'Et et in et quaerat nobis at et dolores aliquid.', 0, 'ITE.jpg', '2022-09-26 13:55:45', '2022-09-26 13:55:45'),
(40, 5, 40, 'Libero provident deserunt nobis fuga libero aut optio qui consequatur itaque quia.', 0, 'Bansos.jpg', '2022-09-26 13:55:45', '2022-09-26 13:55:45'),
(41, 2, 41, 'Eum commodi rerum ea animi consequuntur repellendus animi error rerum voluptatem.', 0, 'ITE.jpg', '2022-09-26 13:55:45', '2022-09-26 13:55:45'),
(42, 1, 42, 'Magnam earum rerum dolor aliquam incidunt.', 0, 'ITE.jpg', '2022-09-26 13:55:45', '2022-09-26 13:55:45'),
(43, 3, 43, 'Et.', 0, 'ITE.jpg', '2022-09-26 13:55:45', '2022-09-26 13:55:45'),
(44, 3, 44, 'In quaerat voluptas ut ut et asperiores.', 0, 'Bansos.jpg', '2022-09-26 13:55:45', '2022-09-26 13:55:45'),
(45, 2, 45, 'Ut doloribus quas possimus minus omnis itaque provident earum amet.', 0, 'Bansos.jpg', '2022-09-26 13:55:45', '2022-09-26 13:55:45'),
(46, 4, 46, 'Quia soluta consequatur cupiditate quisquam voluptas facere aut doloribus aliquid.', 0, 'Bansos.jpg', '2022-09-26 13:55:45', '2022-09-26 13:55:45'),
(47, 2, 47, 'Enim voluptates harum vel debitis laboriosam commodi nesciunt et non quia doloribus quidem.', 0, 'ITE.jpg', '2022-09-26 13:55:45', '2022-09-26 13:55:45'),
(48, 4, 48, 'Quo laborum qui.', 0, 'Fasilitas.jpg', '2022-09-26 13:55:45', '2022-09-26 13:55:45'),
(49, 1, 49, 'Incidunt delectus.', 0, 'Bansos.jpg', '2022-09-26 13:55:45', '2022-09-26 13:55:45'),
(50, 3, 50, 'Ducimus quisquam aut rerum ex illum.', 0, 'Fasilitas.jpg', '2022-09-26 13:55:45', '2022-09-26 13:55:45'),
(51, 1, 51, 'Fringilla maximus id curabitur potenti lectus lacus. Taciti ipsum torquent quis aliquam nulla ridiculus justo tellus. Mollis ut amet laoreet senectus consectetur duis venenatis montes. Habitasse montes neque volutpat libero vulputate. Id pharetra enim mus arcu risus litora. Integer sit dapibus a etiam tempus class ligula tortor mattis. Ultricies tellus porttitor erat litora dapibus venenatis.\r\n\r\nQuam vel si tempor facilisis ut vehicula nostra laoreet interdum porta diam. Vitae consequat mattis pretium at platea quisque sodales commodo. Auctor torquent vulputate integer in magna scelerisque inceptos. Semper ad cras tellus adipiscing venenatis vestibulum tristique. Elit vitae litora ridiculus sagittis fermentum blandit.\r\n\r\nBlandit massa leo vel dignissim metus class amet. Parturient blandit per class etiam orci natoque purus litora curae. Libero mus ipsum per ultrices finibus pretium suspendisse porttitor facilisi elit odio. Placerat auctor velit porttitor aliquet pretium ante convallis habitasse ac purus quisque. Aenean consequat integer mattis commodo tortor pede conubia facilisi arcu vestibulum ultricies. Interdum litora justo vehicula placerat rutrum. Libero cras ac mus vehicula tincidunt suscipit bibendum.\r\n\r\nVel enim ultricies hendrerit elementum turpis erat sem massa tincidunt tortor pretium. Tellus quis bibendum semper venenatis ullamcorper. Viverra facilisis luctus si quam elementum inceptos venenatis habitant. Elementum consequat sed et risus primis dictumst. Nisi curae tristique nostra tempus ornare vitae platea consectetuer lacus. Sodales leo proin posuere himenaeos magna erat. Proin convallis aliquet nisi et imperdiet facilisis inceptos. Mi integer ex pharetra congue sem dictumst ultricies per aliquam duis.\r\n\r\nLitora tincidunt turpis maecenas maximus porta ultricies. Ut dis porttitor feugiat rutrum cras iaculis. Ornare bibendum cras ultrices interdum proin semper ullamcorper consequat. Gravida molestie taciti parturient libero porttitor felis congue nulla.\r\n\r\nLorem leo quis sit mus pede. Letius suscipit congue himenaeos class diam nascetur pretium risus ipsum. Sagittis euismod consequat cursus parturient hac bibendum ornare finibus. Luctus donec conubia magnis natoque commodo tempus cras. Leo si semper urna malesuada maximus.\r\n\r\nArcu conubia ridiculus elementum vulputate tempor vitae fames. Integer luctus rutrum tincidunt adipiscing cubilia rhoncus dictumst donec. Elit consectetuer nibh vel nisl fames nullam aptent. Tortor nulla nascetur orci feugiat consectetuer euismod adipiscing efficitur egestas aliquam nec. Finibus ultrices sed velit venenatis letius laoreet tellus. Conubia urna at egestas risus cursus quis.\r\n\r\nPretium lobortis pede fringilla enim morbi ultrices ridiculus augue. Himenaeos fusce urna elit sociosqu egestas nunc. Libero eros volutpat pretium est turpis. Feugiat sem nisl ac leo himenaeos fames penatibus ante. Venenatis amet laoreet class nostra arcu dui. Mollis erat magnis turpis id fusce himenaeos mi maximus velit torquent.\r\n\r\nSed tempor euismod nulla adipiscing aliquam primis ad netus fermentum curae. Pretium est fermentum habitasse scelerisque laoreet suspendisse cras. Mi maximus sagittis proin dignissim massa nascetur. Ultricies ac ullamcorper nunc eu vel sociosqu. Quam cras eu litora sed letius id. Blandit convallis habitasse proin purus posuere duis. Lectus natoque fusce urna senectus convallis nulla neque mi congue.', 1, '6347be3cb635c.jpg', '2022-10-13 07:29:00', '2022-10-13 07:29:00');

-- --------------------------------------------------------

--
-- Struktur dari tabel `categories`
--

CREATE TABLE `categories` (
  `id` bigint(20) UNSIGNED NOT NULL,
  `name` varchar(255) COLLATE utf8mb4_unicode_ci NOT NULL,
  `created_at` timestamp NULL DEFAULT NULL,
  `updated_at` timestamp NULL DEFAULT NULL
) ENGINE=InnoDB DEFAULT CHARSET=utf8mb4 COLLATE=utf8mb4_unicode_ci;

--
-- Dumping data untuk tabel `categories`
--

INSERT INTO `categories` (`id`, `name`, `created_at`, `updated_at`) VALUES
(1, 'Kriminal', '2022-09-26 13:55:45', '2022-09-26 13:55:45'),
(2, 'Fasilitas', '2022-09-26 13:55:45', '2022-09-26 13:55:45'),
(3, 'ITE', '2022-09-26 13:55:45', '2022-09-26 13:55:45'),
(4, 'Kesusilahan', '2022-09-26 13:55:45', '2022-09-26 13:55:45'),
(5, 'Bansos', '2022-09-26 13:55:45', '2022-09-26 13:55:45');

-- --------------------------------------------------------

--
-- Struktur dari tabel `feedback`
--

CREATE TABLE `feedback` (
  `id` bigint(20) UNSIGNED NOT NULL,
  `aspirasi_id` bigint(20) UNSIGNED NOT NULL,
  `feedback` text COLLATE utf8mb4_unicode_ci NOT NULL,
  `isAdmin` tinyint(1) NOT NULL DEFAULT 0,
  `created_at` timestamp NULL DEFAULT NULL,
  `updated_at` timestamp NULL DEFAULT NULL
) ENGINE=InnoDB DEFAULT CHARSET=utf8mb4 COLLATE=utf8mb4_unicode_ci;

--
-- Dumping data untuk tabel `feedback`
--

INSERT INTO `feedback` (`id`, `aspirasi_id`, `feedback`, `isAdmin`, `created_at`, `updated_at`) VALUES
(1, 8, '<p>Nisi necessitatibus temporibus magni necessitatibus aliquam. Sequi molestias et quasi dolore quasi cumque. Atque laboriosam neque cum impedit et. Quam dolores voluptate voluptatum itaque qui tenetur dolorem consequuntur.</p><p>Quisquam nisi aspernatur excepturi hic et officia non. Repellendus quia doloremque omnis numquam rerum facilis pariatur. Iure amet consectetur aperiam. Inventore sed iure rem dolore.</p><p>Ex voluptas consequatur ea quisquam enim. Eum voluptatum animi cupiditate mollitia est dolores blanditiis enim. Et nostrum ea unde ullam libero molestiae dolor. Laborum architecto reprehenderit quia aliquam quis.</p><p>Dolores labore dignissimos nostrum iste eum. Consequatur qui dignissimos saepe odit odio repellendus. Possimus fuga qui aut doloribus non facere totam veniam. Magni eos est vel enim nesciunt qui.</p>', 0, '2022-09-26 13:55:45', '2022-09-26 13:55:45'),
(2, 24, '<p>Ipsam vero aut officiis animi tempore. Quas qui ea consectetur aspernatur delectus voluptas sed. Earum voluptatem exercitationem deserunt rem adipisci et nisi. Ad eius id qui quo. Et rem quia aut aut amet ratione.</p><p>Velit veniam qui quo et aperiam natus. Aspernatur impedit occaecati quo et sed eius rem eos. Inventore natus incidunt aliquam suscipit repellendus voluptas nostrum.</p><p>Cupiditate hic et ipsum voluptate quis debitis. Aut soluta et dolore inventore quasi est et. Doloremque fugit voluptas rem a eligendi. Omnis magni eveniet consequatur mollitia.</p><p>Nisi sit itaque et exercitationem eligendi rerum ea. Et similique minima occaecati minus. Repellendus optio suscipit quas sed. Eos magni quae facere nisi neque. Quia sed rem possimus dolores eligendi in exercitationem.</p><p>Rerum vel laborum distinctio consequatur. Iste fugit culpa itaque illo itaque. Quia ad voluptatem eos dolor.</p>', 0, '2022-09-26 13:55:45', '2022-09-26 13:55:45'),
(3, 42, '<p>Delectus est consequatur id aut. Eos quo rerum molestias nobis quidem.</p><p>Quia suscipit est aperiam et et minima ab. Minus ut odio eaque qui maiores. Quia animi ea consequuntur est.</p><p>Laborum nam repudiandae asperiores quisquam enim nihil neque. Quis non nisi voluptas minima. Fugit vitae ut est nostrum in. Reiciendis dicta ipsam voluptates consectetur doloremque quidem. Nesciunt nisi atque occaecati.</p><p>Repellat tenetur fugit voluptatum et velit modi eos. In ut qui molestias perspiciatis magni vero vero. Quia vitae illo esse et commodi. Dolor iusto quia consequatur et.</p><p>Dolor rem animi ut ratione. Inventore et molestiae adipisci dolor ratione repellendus doloribus. Quia autem sit est at commodi ad omnis eligendi.</p>', 0, '2022-09-26 13:55:45', '2022-09-26 13:55:45'),
(4, 22, '<p>Repellat et porro atque explicabo. Enim a eos repellat voluptatum. Placeat dolorem debitis velit ipsa maxime et provident.</p><p>Voluptatem ea nisi consequatur consectetur aspernatur. Sunt repudiandae asperiores beatae ipsum incidunt dolorum dolor. Voluptas repellendus consequatur nemo consequatur labore ab.</p><p>Nesciunt quis temporibus perferendis. Vitae cum voluptas nesciunt. Nihil quia temporibus cum a blanditiis cumque praesentium facere. Itaque odio fugiat repellat velit ipsa.</p><p>Adipisci quaerat dolor eveniet debitis sit tempora. Esse id blanditiis optio molestiae vel et. Et ad natus ipsam similique sit hic adipisci. Fugit maiores reprehenderit quidem.</p><p>Laudantium illo veniam eos non molestias quia quia. Non fugit error consequatur aut omnis. Quae nam temporibus inventore hic culpa veritatis eum et. Qui iure eligendi nihil voluptas sunt saepe sed.</p>', 0, '2022-09-26 13:55:45', '2022-09-26 13:55:45'),
(5, 39, '<p>In nobis et sint qui nulla. Debitis qui ut quis natus vero quia id. Soluta non maiores architecto saepe omnis minima. Voluptas possimus aut officiis cumque excepturi.</p><p>Quos non optio explicabo iste. Iure quasi nihil facilis rerum est perferendis voluptas. Et qui atque id asperiores. Et quisquam et perspiciatis repudiandae nihil sed distinctio.</p><p>Ex consequatur explicabo enim dolorem expedita. Debitis voluptatum quisquam eum iste recusandae minima quasi. Sint unde veniam repellat debitis. Aut in et voluptate et mollitia.</p><p>Est qui unde expedita facere consequatur nesciunt. Odio repellendus sed distinctio esse. Nesciunt facilis quo est ea numquam rerum. In et est est enim saepe est repellat amet.</p>', 0, '2022-09-26 13:55:45', '2022-09-26 13:55:45'),
(7, 35, '<p>Provident deleniti voluptates beatae distinctio. Magnam harum et eius a non. Odit incidunt eum consectetur molestiae ut facilis eos.</p><p>Illum voluptatibus tempore laborum. Error sit rem iure quas. Similique id quia vero porro totam iste. Reiciendis eaque sequi eaque quas.</p><p>Odit dolore accusamus voluptates unde error. Atque perferendis et laborum inventore. Fugiat omnis aut ducimus omnis.</p><p>Molestias distinctio qui similique consequatur. Ea quidem facilis totam error non nemo accusamus magnam. In vel et reiciendis officia. Optio fugit sunt beatae et ipsum totam autem.</p><p>Voluptas qui et iusto error distinctio. Veniam earum quaerat aliquam reiciendis ex magnam. Sunt sed laudantium dolor veritatis aut architecto. Consequuntur et maiores provident sapiente voluptatum delectus.</p><p>Ipsa voluptatum reprehenderit ut ad. Rem laudantium qui non asperiores beatae recusandae magni. Sint in voluptatum aspernatur qui est qui.</p><p>Minus id illum ut tempore non officia tempora voluptatem. Accusamus praesentium nesciunt officiis sint saepe facere. Magni beatae autem accusantium impedit dolorem eligendi eum accusantium. Et repellendus in velit.</p><p>Totam nulla aut minima ut cum quibusdam sequi quia. Officiis quis in et sed soluta eaque voluptas. Distinctio necessitatibus reprehenderit ut dolore. Aut ipsa dolor aliquid temporibus soluta.</p><p>Repellat quae tempore dolores est. Adipisci et fuga ea sit voluptatem aut pariatur. Eius nobis non voluptatem iste.</p>', 0, '2022-09-26 13:55:45', '2022-09-26 13:55:45'),
(8, 20, '<p>Porro rerum rerum et quis ad et voluptates recusandae. Reprehenderit molestiae consequuntur et in animi quisquam. Eaque accusamus inventore non officiis in ut alias est. Commodi saepe sed fugit sequi.</p><p>Qui id corrupti error facere. Maiores quia dolorem delectus sint. Velit laudantium sit ex quia. Fugit ducimus provident iusto eaque impedit placeat ut.</p><p>Ea odio et aliquam nulla pariatur numquam qui. Odio eligendi illum tenetur vel deleniti qui. Eaque quidem nihil itaque velit. Id eveniet maiores officiis voluptatem ducimus officiis. Error porro aut voluptates corporis.</p><p>Aut quis eligendi voluptatum incidunt. Magni quis consequuntur placeat vitae.</p><p>Voluptate sed alias pariatur suscipit sit corporis. Illum et sapiente eos ut illo deserunt debitis. Tempora rem sequi magnam commodi. Earum omnis beatae modi maiores odit facilis.</p><p>Ullam ea rerum eveniet quo ut et esse. Quam nam et facilis earum. Culpa sed sed ratione suscipit esse qui dolores.</p><p>Nemo quidem et repellendus. Perspiciatis eius libero dignissimos id. Quae cum enim repellendus esse. Iste qui quia aut minus.</p><p>Recusandae enim a numquam nobis unde assumenda quis consequatur. Et praesentium reprehenderit et numquam. Tenetur eos optio et non omnis.</p><p>Quod praesentium natus in. Tenetur voluptatibus at porro in. Vero sit et culpa.</p><p>Ipsum aliquam quam tenetur blanditiis quo. Nihil quo iste enim et aut et. Iste non dolore quibusdam vel nobis non deleniti. Dolorem praesentium dignissimos accusantium aut veritatis.</p>', 0, '2022-09-26 13:55:45', '2022-09-26 13:55:45'),
(9, 18, '<p>Voluptate amet voluptas aut velit et nulla. In tempore sint ut quasi natus. Iusto modi qui rem doloribus accusantium cumque.</p><p>Et possimus perspiciatis quisquam. Totam quis eum at asperiores repellat. Et aliquid voluptatibus optio est quia eos. Animi nihil consequatur quia placeat.</p><p>Rerum aut quisquam dignissimos aperiam nam enim. Voluptatem tempora dolores repellendus voluptatem quod molestiae error sit. Quibusdam eum officia in consequatur enim. Atque nobis aut eos sit aliquam.</p><p>Adipisci et qui quo quo natus aspernatur alias ad. Ipsam possimus excepturi autem hic sunt in. Nobis earum maxime sed. Iusto et et odio sunt.</p><p>Ut quod facilis et. Atque aut quia qui alias ad eos. Facere voluptatem doloribus quia aut voluptatibus saepe.</p><p>Quisquam unde architecto iusto dignissimos assumenda. Eum dolores commodi accusamus et dignissimos. Magnam a distinctio laboriosam et alias. Dolor quas sunt ipsum fugit consequatur est tenetur.</p><p>Maiores ex voluptates pariatur voluptatem. Ipsum incidunt sint sunt expedita.</p><p>Eaque facilis velit tempore. Quis harum repudiandae blanditiis laborum nostrum necessitatibus. Ut et blanditiis odio et minus. Quas animi a impedit distinctio voluptas quo.</p>', 0, '2022-09-26 13:55:45', '2022-09-26 13:55:45'),
(10, 11, '<p>Ipsa cumque dolores repellat ea voluptatem quibusdam dicta. Mollitia doloremque error blanditiis impedit temporibus qui aliquid. Veritatis et ducimus voluptate aliquam.</p><p>Blanditiis nostrum esse adipisci ab vitae et. Provident error repellendus ratione sed. Quaerat magni adipisci libero laboriosam et. Autem accusantium possimus omnis eum.</p><p>Eos quasi eos nisi. Sit ipsam tenetur dolores voluptatem ut aut est dolorem. Assumenda saepe rerum excepturi voluptas omnis assumenda est laudantium. Eos maxime ut odio laboriosam error numquam.</p><p>Quisquam et illo et reiciendis veritatis doloremque eum. Qui sequi enim in dolor eveniet dolorem. Corrupti ducimus rerum sunt pariatur molestias voluptatem voluptate magni.</p><p>Facere cupiditate nihil laboriosam et qui laborum. Repudiandae illo necessitatibus sit. Ut corrupti laudantium odio ea.</p><p>Nisi iusto temporibus quod explicabo aut velit. Fugiat magni rerum facilis et. Voluptas laborum aut quam rerum dolores porro esse.</p>', 0, '2022-09-26 13:55:45', '2022-09-26 13:55:45'),
(11, 23, '<p>Enim quod cum quae dolores doloremque est sit. Velit hic odio aperiam. Aut sapiente fugiat occaecati.</p><p>Reiciendis quidem qui earum ullam alias rerum dignissimos ipsam. Quos aut aut quibusdam praesentium. Tempore reprehenderit recusandae ipsa. Sunt voluptatem quo voluptas occaecati earum quo.</p><p>Placeat non blanditiis eveniet pariatur et temporibus amet. Quam modi distinctio repellat distinctio quo non. Quo qui totam excepturi dolorem expedita blanditiis dolores. Deleniti nulla ut repellendus tempore et quia exercitationem.</p><p>Sed dolorem aut ut et qui et. Earum illum ut architecto sit qui.</p><p>Mollitia ab ad nulla magni expedita. Repudiandae dolorem natus architecto necessitatibus. Qui error saepe aliquam.</p>', 0, '2022-09-26 13:55:45', '2022-09-26 13:55:45'),
(12, 38, '<p>Culpa earum sit omnis qui porro tenetur. Repudiandae recusandae in quia aspernatur reiciendis quis et. Est odio alias dolore voluptas asperiores cumque.</p><p>Aut corporis quasi nam eos et eos. Consequatur cumque aperiam voluptatem non consequuntur.</p><p>Vel cumque sint ea sit expedita quibusdam dolores. Vel eum qui enim delectus magni temporibus est. Qui error cum veniam at quia. Ut veniam est necessitatibus enim.</p><p>Natus in molestiae est qui aut. Et perferendis voluptatem et ad voluptatem rerum voluptas. Nemo quas aliquid officiis laudantium laudantium earum facere pariatur. Sed rerum magnam alias adipisci veniam. Et molestias harum reiciendis et impedit.</p><p>Veritatis quidem dolores ut nobis ut eum vel. In harum amet dolores est delectus. Aut perferendis eos voluptatum ab reiciendis ut in. Corporis nulla consequatur qui qui fugiat.</p><p>Reprehenderit eligendi deserunt labore aliquam consequatur assumenda reiciendis nostrum. Necessitatibus et libero excepturi fugit et doloremque. Beatae cum eligendi iure architecto.</p><p>Suscipit reprehenderit pariatur voluptate qui voluptates ex molestiae. Molestiae illo temporibus qui facere recusandae aperiam eius. Occaecati inventore sit veniam vero dolores ex natus. Eos sed esse accusantium et placeat.</p><p>Consequuntur et commodi eos in velit cupiditate voluptate. Et quo aut corporis dolorem sunt dolor deleniti. Non quo eum eum illum a voluptates.</p>', 0, '2022-09-26 13:55:45', '2022-09-26 13:55:45'),
(13, 1, '<p>Quidem in quod voluptatem est molestias quas est. Consequatur inventore vitae sunt aspernatur ullam accusamus iure. Molestias reiciendis atque id. Debitis qui voluptate perspiciatis pariatur aspernatur asperiores non sint. Eius quis vel tenetur dolorem aut eum pariatur.</p><p>Est nemo et fugit. Nobis sit dolor aut ut. Id sit perferendis velit.</p><p>Magni autem sed deleniti in dignissimos. Animi ipsam ut eum voluptas fuga qui. Ut expedita voluptatem distinctio ut.</p><p>Adipisci tempore reiciendis quasi vel dolores fugiat veniam ullam. Quod facere soluta quia. Amet atque debitis at earum vel consectetur. Ipsa et enim magni commodi atque sit tempora. Officiis occaecati provident facilis voluptatibus repudiandae sed eaque.</p><p>Dolor illum autem nisi praesentium vel sit nobis. Quia cumque ut sed voluptates accusantium et. Numquam omnis et quisquam a et ea.</p>', 0, '2022-09-26 13:55:45', '2022-09-26 13:55:45'),
(14, 26, '<p>Ad harum modi aut fugiat iste et. Officiis quas eveniet fugit nemo qui et perferendis neque. Qui consequatur alias dolorem fugiat. Cupiditate voluptatem dolor voluptatem veritatis.</p><p>Dolorem architecto pariatur non at. Officia nihil sequi eius.</p><p>Qui voluptas ipsam omnis odio. Nam vero modi ullam in accusamus tempora et. Dicta quas numquam omnis est omnis tempora. Totam atque beatae recusandae ut.</p><p>Autem debitis sit molestiae natus assumenda soluta. A distinctio dolores quas. Velit porro unde sed non fugit dolorem ut omnis. Enim aspernatur ipsam dolore iste dolorum.</p><p>Totam culpa dolorum dolores et libero aliquid sed. Quae iusto qui magnam pariatur.</p><p>Et cumque in rerum possimus. Aliquid quaerat debitis voluptatem modi aut.</p>', 0, '2022-09-26 13:55:45', '2022-09-26 13:55:45'),
(15, 26, '<p>Exercitationem praesentium enim voluptate sed. Perspiciatis dolorem est deserunt voluptatem. Molestiae eaque cumque voluptatem et. Ea voluptatem consequuntur qui non.</p><p>Nihil eos velit et nisi. Odit accusamus nobis incidunt beatae enim eveniet. Ratione porro laborum dignissimos eos quia.</p><p>Qui perspiciatis accusantium excepturi est voluptas. Et dolor et rerum eius facilis sit.</p><p>Saepe animi mollitia ducimus expedita est laborum. Molestiae eaque quibusdam ea in omnis iusto sed. Quo distinctio quia non sed quia dolor. Amet adipisci harum saepe fugiat quia inventore sapiente sit.</p><p>Iste voluptatem deserunt rerum eligendi. Consequuntur quisquam debitis voluptatem est ipsum rerum distinctio. Nulla suscipit alias natus tempora sed nihil ab ducimus. Sed sunt expedita molestias dolor possimus accusantium dolores.</p><p>Vel voluptatem vel consequatur culpa. Possimus harum porro beatae. Aliquam iure ipsum qui repellat aut.</p><p>Dolores ut qui est qui quis qui. Corporis in et eligendi in possimus. Expedita quam impedit nihil dolor unde. Illum aut reprehenderit officia nihil necessitatibus.</p><p>Autem amet id doloribus ut sed deserunt. Minus in eligendi unde vitae odio incidunt. Deleniti qui nulla magni aut. Ab quidem est molestias quae quos consequatur.</p><p>Repudiandae odit adipisci quam quisquam suscipit necessitatibus. Necessitatibus qui quos qui voluptates eum omnis quo vero. Odio officiis eligendi ipsum adipisci architecto.</p>', 0, '2022-09-26 13:55:45', '2022-09-26 13:55:45'),
(16, 23, '<p>Deleniti necessitatibus odit quam quos nisi repudiandae autem qui. Optio accusantium quis sed blanditiis suscipit. Architecto qui consequatur qui voluptas aliquid. Sit similique vero rerum beatae debitis amet.</p><p>Recusandae ut et similique exercitationem. Voluptatem architecto impedit eaque laboriosam dolore. Aut ut necessitatibus nulla optio. Consequuntur voluptatem corporis hic omnis ut eos. Quo omnis accusamus reprehenderit doloribus.</p><p>Omnis suscipit accusamus totam beatae. Non quis et repellendus. Corrupti voluptas temporibus molestiae. Vel expedita natus quae quae ipsum quam sapiente nisi.</p><p>Corrupti possimus reiciendis repellat velit beatae impedit. Nihil veritatis alias provident maxime. Accusamus quisquam ea neque suscipit. Cupiditate tenetur aut excepturi qui ut ipsa.</p>', 0, '2022-09-26 13:55:45', '2022-09-26 13:55:45'),
(17, 42, '<p>In nihil commodi distinctio libero magni neque. Mollitia sit id ducimus rem ipsam. Molestiae quis quia suscipit nulla ipsum in. Aut asperiores veniam deserunt ipsum dolore enim.</p><p>Accusamus esse eligendi omnis optio. Voluptatem non molestias recusandae.</p><p>Reprehenderit possimus aut asperiores et quasi et aliquid maxime. Sit veritatis explicabo dolores nihil. Et excepturi alias architecto.</p><p>Iste qui quia cum magni laboriosam. Voluptatem animi aut aut tempore consequuntur enim. Consequuntur dolores tenetur numquam et.</p><p>Odio excepturi deleniti quas ad qui minus. Dolorum tempore itaque ratione nam. Voluptas nemo vel consequatur laborum deleniti voluptatem culpa. Vel qui veniam aut rerum nostrum qui animi.</p><p>Laboriosam qui perspiciatis inventore sint praesentium. Earum architecto qui autem enim in iste nostrum. Aut nisi eaque minus at vel ut natus ipsa. Quasi accusantium voluptatum assumenda nulla.</p><p>Omnis hic vero amet suscipit. Libero voluptas quisquam et dolore eos sunt sint. Cupiditate quia provident nesciunt doloribus. Et ut ducimus vero ea.</p>', 0, '2022-09-26 13:55:45', '2022-09-26 13:55:45'),
(18, 40, '<p>Ducimus alias minus blanditiis veritatis molestiae temporibus. Ut aut et porro. Veritatis sapiente quod rerum necessitatibus quod.</p><p>Alias natus officiis ea sunt illum et. Veritatis corrupti dolor dolores totam dolorem temporibus et. Non tempore repellat nesciunt illo repellat rerum earum.</p><p>Facilis et est totam. Qui at et dolores eum quidem quo. Debitis repudiandae blanditiis quis molestiae cupiditate atque. Doloremque veniam ut aspernatur. Maiores soluta cumque ducimus beatae quis et non.</p><p>Nesciunt sint et ipsa. Est incidunt inventore omnis molestiae. Ut repellat doloribus dignissimos.</p><p>Sit illum et quia sit quia natus inventore. Quisquam ut est quaerat provident autem sit. Ipsum ut voluptatibus dicta aut. Quos sunt in explicabo aspernatur.</p><p>Quasi optio doloremque occaecati consequatur sint. Aut beatae exercitationem vel quo iure quaerat sequi. Iure cum id et aut eius.</p><p>Aspernatur culpa aut atque recusandae corrupti et. Facere tenetur delectus illo dolor et. Non dolorem et non assumenda rerum laboriosam. Consequatur vero quam est officiis ut molestias.</p>', 0, '2022-09-26 13:55:45', '2022-09-26 13:55:45'),
(20, 26, '<p>Libero voluptas quia voluptatum magnam recusandae aut non et. Nam soluta ut quo provident deserunt. Magnam omnis dolor ipsum neque asperiores sit voluptatum. Quidem laborum vel eaque quibusdam natus aut sit. Exercitationem corrupti et incidunt commodi.</p><p>Dignissimos consequatur quibusdam sed tenetur distinctio sit nihil. Eum non saepe ex quae et tempore pariatur. Non iusto ab repudiandae porro. Dolor commodi sed ipsum numquam quae cupiditate dolorem.</p><p>Et adipisci quo impedit eaque quibusdam. Consectetur omnis soluta necessitatibus et eligendi incidunt. Velit totam quod vel nulla.</p><p>Beatae in vitae ut voluptates voluptas consequatur consequatur. Accusantium magnam voluptas quos amet nesciunt. Perspiciatis aut alias nobis voluptatem id repellendus et. Adipisci est aut culpa quaerat eveniet.</p><p>Libero quaerat qui nam consequuntur hic. Fuga accusantium voluptate dolor pariatur consequatur velit omnis. Non id consequatur id veniam enim nihil.</p><p>Qui corporis illo et. Consequuntur alias perferendis ipsam est debitis pariatur maiores. Id commodi in asperiores eum enim et.</p><p>Vel molestiae velit iste dicta necessitatibus. Ut eligendi nihil sed iusto. Sit rerum minus ut deleniti.</p>', 0, '2022-09-26 13:55:45', '2022-09-26 13:55:45'),
(21, 22, '<p>Eius sed dolorum ut quod tempore iusto quisquam. Praesentium ab iste aspernatur. Rerum quia repudiandae qui id dolores quos mollitia.</p><p>Vel magnam ratione ab a. Temporibus voluptatem eligendi rem autem placeat. Sint consequatur unde et temporibus.</p><p>Sed praesentium nihil omnis. Est ut omnis totam quisquam et est nemo. Consequuntur accusantium quos aliquam perferendis nostrum. Eum nisi dicta dolorum quis nihil.</p><p>Tempora ex est doloribus corrupti porro maiores cupiditate animi. Id in expedita odit eius consectetur impedit. Distinctio ut voluptas culpa et quo fugiat. Atque doloremque qui quos qui rerum neque.</p><p>Rerum eaque cumque iure non perferendis et tempora. Qui ut illum quia sint alias ut libero. Quidem cumque sed unde eos perferendis quasi quo. Voluptatem error repellat ea possimus dicta dolorem quam.</p><p>Eaque eum consectetur velit aspernatur et omnis nemo. Officia eius iure ad ullam suscipit.</p><p>Autem inventore autem in officiis nesciunt iure dolores. Veritatis eum fugit aut amet in molestiae. Enim modi odit velit unde quasi. Et perferendis impedit et sequi quae laboriosam.</p><p>Sit saepe quis natus aliquid qui. Saepe quidem quia ab voluptatem. Numquam aut non debitis excepturi ut hic. Saepe possimus pariatur sed et veritatis voluptatem rerum. Eum sed officiis earum quia fugiat reiciendis voluptatem.</p>', 0, '2022-09-26 13:55:45', '2022-09-26 13:55:45'),
(22, 28, '<p>Sint ipsam aperiam laboriosam officiis. Et culpa ut dicta et vitae alias ullam. Quia eligendi est quis sint ipsa.</p><p>Qui ut eius fugit quaerat natus. Magnam cumque id aut exercitationem. Doloremque sequi similique nostrum ullam corrupti est.</p><p>Suscipit non deleniti optio in perferendis sit magni. Ipsa enim placeat quis necessitatibus enim cumque voluptas. Molestiae non ut doloribus quisquam eum consequuntur accusamus. Ut voluptates voluptates eos autem quia.</p><p>Rerum architecto est magnam reiciendis et maxime non. Consequatur voluptatem sed libero est. Quibusdam rerum qui ad est minima.</p><p>Nulla laudantium quas iure non voluptatem sed. Accusamus ut ut voluptatem dolor aut non. Maiores veritatis quia nisi aut.</p><p>Omnis vero odit repudiandae sit expedita itaque. Ipsum adipisci quaerat officia molestias sunt facilis fugiat. Sed numquam illo atque eos quia nihil. Deleniti nesciunt quasi sunt.</p><p>Dolores amet id voluptas reprehenderit tempora occaecati est. Aspernatur maxime consectetur aut qui mollitia voluptate in corrupti.</p><p>Dolore sint molestiae eos rem. Reprehenderit ipsa deleniti voluptatibus assumenda et voluptas. Est inventore molestiae sunt at.</p>', 0, '2022-09-26 13:55:45', '2022-09-26 13:55:45'),
(23, 45, '<p>Exercitationem aut animi aut. Dolor quidem facilis expedita in quia voluptates. Dolores eveniet accusamus accusamus in. Omnis nihil in vero aliquam sed ab sint.</p><p>Voluptatem ex ad facere dolorum et enim. Est quos omnis debitis placeat omnis eius. Sit voluptates eos impedit sit quia.</p><p>Beatae ut ipsum sit aspernatur deserunt. Sed et facere facilis aut quis expedita. Placeat impedit et tempore aperiam. Saepe quas et nihil consequatur quas non quae. Cum odio itaque ut iure repellat expedita non aut.</p><p>Fugit amet dolor pariatur. Autem ut maxime officia ab dolorum harum. Quo recusandae qui perferendis natus est. Suscipit neque consequatur sapiente praesentium quam aut aliquid.</p><p>Repellat et hic odit dolorum. Repellendus et consequatur sed qui minus velit occaecati. Soluta temporibus ducimus occaecati ullam nihil et nihil. Nam labore molestiae autem. Illum ut quis non inventore non autem natus.</p><p>Quia rerum adipisci est. Accusantium eum perspiciatis et. Sed cupiditate praesentium pariatur porro.</p><p>Non non ut quo voluptatum eius ipsum. Rerum quo omnis consequatur perferendis consequatur. Non nisi asperiores fuga id sit veniam doloremque nisi. Incidunt ad unde fugit est neque autem placeat.</p><p>In enim esse omnis dolorum exercitationem. Consequuntur similique rem ipsa officiis qui voluptate. Quibusdam reprehenderit totam magnam et aut voluptatibus qui. Quia molestias molestias quaerat. Modi qui et quia ea nobis animi et.</p>', 0, '2022-09-26 13:55:45', '2022-09-26 13:55:45'),
(24, 6, '<p>Quae recusandae assumenda facilis adipisci quod. Quia repellendus porro qui ipsam et facilis. Quo veritatis vel atque et officiis. Dolores ut et cupiditate omnis veritatis.</p><p>Suscipit velit non ut consequuntur. Provident voluptatibus ipsam ea. Cupiditate et ut rerum voluptate.</p><p>Enim molestiae illo eius voluptatem omnis. Ipsam consectetur et doloremque at qui. Magni autem itaque blanditiis repellat.</p><p>Sit cupiditate consequatur laborum. Consequatur est eaque consequatur voluptatem esse et unde ullam. Voluptatem id quis enim aliquam rem aliquam cumque.</p><p>Qui cupiditate sit culpa fuga. Quasi consequatur quis quia consequuntur quos consequatur. Dolor sunt inventore optio officia accusamus dolore autem.</p><p>Placeat sint qui hic occaecati soluta placeat perspiciatis. Eum hic sit laudantium. Molestiae assumenda labore accusamus quis eos laudantium id.</p>', 0, '2022-09-26 13:55:45', '2022-09-26 13:55:45'),
(25, 12, '<p>Omnis id officia culpa in dolores. Nihil voluptatibus et qui est rerum laudantium quae sapiente. Eius repellat accusantium a enim. Earum quia magnam facere accusamus. Omnis in et iure ut aut odit est aspernatur.</p><p>Voluptatem maxime sit placeat odit. Ea laborum voluptates necessitatibus error sed eaque. Est expedita aut quidem qui nobis quis qui. Fugiat temporibus consequuntur non iusto exercitationem sit suscipit.</p><p>Quo nobis suscipit tempore dolore natus nisi doloribus rerum. Deserunt eos ea sint rem in. Sunt ea aperiam provident ex magnam. Hic quidem qui itaque sint nam et ut.</p><p>Sequi accusantium sint ab. Ipsam autem dolores quis repudiandae atque eveniet. Ipsum aut accusantium cum nihil aut. Repudiandae atque distinctio reiciendis et in.</p><p>Aut soluta soluta atque quibusdam dolor doloribus. Quae molestiae dolorum provident voluptatum. Nisi ipsum id ipsa perferendis a. Aut consequatur enim sint repellendus.</p><p>Voluptas est illo facilis quia non dolorem aut. Neque rem incidunt est eius. Est quo sed nemo. Quam provident modi voluptatum cum fugiat mollitia quod odit.</p>', 0, '2022-09-26 13:55:45', '2022-09-26 13:55:45'),
(26, 15, '<p>Facere magni laborum cumque aut hic voluptates. Numquam ducimus esse ex nihil. Unde rem architecto ut ducimus consequatur. Ex laborum assumenda similique placeat ipsum.</p><p>Saepe cum quae quod commodi ut sapiente. Et exercitationem voluptas dolores sit quis. Unde ipsum consequatur et perferendis ratione consequatur. Voluptas ut aliquam exercitationem quis ad et voluptas.</p><p>Quo vel architecto voluptatem voluptatem. Ut earum saepe voluptatum delectus nesciunt consectetur. Illo et illum qui nobis molestiae. Similique ab et optio dolor nam.</p><p>Tempora nisi soluta dolorem sapiente molestiae eaque et. Quos voluptatem at expedita voluptatem praesentium. Dolorum unde at alias cupiditate dolor. Dolorem illo illum fuga et.</p><p>Quis ea et ut rerum asperiores. Reiciendis quam iure voluptas nesciunt temporibus magni. Nihil inventore magnam illo sapiente reiciendis. Consequatur exercitationem dicta voluptatem adipisci magnam occaecati ducimus.</p><p>Nesciunt delectus et culpa nam ab ipsa sit. Numquam delectus minus maiores quis. Id repudiandae natus consequatur fugiat dignissimos necessitatibus.</p><p>Aut non fugiat molestiae blanditiis porro quia nulla. Enim recusandae sit ratione voluptate minus molestiae et veritatis. Aut eos repellendus aliquam voluptatem doloribus consequuntur nihil et.</p>', 0, '2022-09-26 13:55:45', '2022-09-26 13:55:45'),
(27, 30, '<p>Beatae officiis ducimus ea praesentium odit eveniet ratione. Qui magnam enim et rem iusto.</p><p>Ut voluptatem quis eius ducimus et. Dolor quam quae quia recusandae dolorem saepe et vel. Rem beatae optio cupiditate ullam.</p><p>Ut et reprehenderit maiores sit dolores et consequatur. Quas est reiciendis eos sint. Sit quis quod recusandae voluptatem aut.</p><p>Quam blanditiis ut distinctio ab. Quae voluptas officiis ut sed. Quos quia repellat eum. Rem enim ex nulla autem blanditiis sed et.</p><p>Consequatur consequatur alias dolorem ullam labore ut. Est incidunt sed aliquam quos quaerat numquam. Ex aut non assumenda odit esse dicta aspernatur.</p><p>Officiis quos quia sint. Eaque eos laudantium ut asperiores aut. Et cumque dicta eveniet.</p><p>Blanditiis id hic soluta aperiam vel dolores. Voluptas nemo ullam debitis autem explicabo nisi laudantium. Consequatur fugiat eum recusandae.</p><p>Incidunt accusamus voluptas possimus iste praesentium deleniti. Enim hic quod impedit corrupti. Ea facere aut nisi.</p>', 0, '2022-09-26 13:55:45', '2022-09-26 13:55:45'),
(28, 27, '<p>Reprehenderit vel rem temporibus quia fuga placeat. Sapiente sequi voluptatibus non at et. Voluptatum quae autem quibusdam.</p><p>Aut nesciunt dolores repellendus accusantium. Alias qui omnis est doloribus maxime libero quia. Vero atque nesciunt maxime tenetur. Quas explicabo aliquam blanditiis vel eveniet aliquid voluptatum.</p><p>Ut et modi ad neque qui sunt. Saepe voluptatem consequatur beatae. Corporis est rerum qui quos aut tempora.</p><p>Nostrum ipsum voluptatum aspernatur aut. Atque quidem eos molestias corrupti eos. Fugit possimus dolor debitis.</p>', 0, '2022-09-26 13:55:45', '2022-09-26 13:55:45'),
(29, 40, '<p>Dolore debitis voluptatem aspernatur vero. Est ratione inventore quas temporibus laborum. Suscipit aut sapiente et eos suscipit tempore mollitia. Nisi placeat aliquid non consequatur.</p><p>Quis qui optio qui modi. Nulla et consequatur et.</p><p>Dolorem sit hic totam et nam. Aut vitae necessitatibus exercitationem velit. Vitae eligendi alias incidunt nihil molestiae architecto. Repellendus doloremque quisquam ut harum.</p><p>Voluptatibus maxime maiores fuga qui fuga. Earum dignissimos molestiae velit ab qui. Esse fuga temporibus repellendus dolor beatae nulla. Esse consequatur dolores impedit ad tempore.</p>', 0, '2022-09-26 13:55:45', '2022-09-26 13:55:45'),
(30, 3, '<p>Aut iure cumque a esse nemo qui omnis. Illo necessitatibus aliquam nihil tenetur et. Nulla iste magnam maxime cum iste. Quis cumque atque occaecati.</p><p>Aliquid nihil sint enim veniam distinctio. Fugit ea maxime sit eligendi. Ipsam aspernatur minus consequatur ipsam assumenda nam. Nesciunt aspernatur ex non.</p><p>Dolore ut sunt quas et laborum. Fuga ut fuga illum rerum iusto. Accusantium qui repudiandae adipisci quia. Ut cumque sint suscipit quisquam atque.</p><p>Aut qui consectetur laudantium. Aliquam aut id veniam fugiat numquam aperiam sint labore. At optio doloremque consectetur consequatur asperiores quod molestiae. Tempora facilis dolorem praesentium aperiam.</p><p>Sapiente pariatur quia minima doloribus vel et. Alias amet officia sint eos similique aperiam. Possimus laboriosam molestiae nam dolor exercitationem. Nihil tempora dicta tempore id eos dolor sapiente at.</p><p>Velit ullam accusamus velit et officiis enim ducimus. Rerum et adipisci assumenda laudantium suscipit rerum esse. Ut aut totam sit veritatis necessitatibus fugit nemo. Ut recusandae delectus consequuntur commodi enim. Qui nisi numquam sed quidem aut doloribus ipsam.</p><p>Culpa accusamus voluptas qui adipisci eos eligendi. Harum ipsum fuga ut perferendis quaerat ipsa. Eos sequi ipsam nihil. Nobis ut nihil dignissimos et at eos doloremque et.</p><p>Modi soluta culpa non soluta et id. Laudantium cupiditate dolores exercitationem excepturi nam ut. Sit illo sint aut sed sed. Ut repellat deleniti et qui temporibus alias reprehenderit. Sit velit impedit voluptatem quia.</p><p>Quos beatae et vel sapiente. Deleniti et exercitationem harum deleniti mollitia culpa voluptate. Distinctio minima inventore sed ipsam voluptatibus non autem. Ut voluptatibus cum autem aut.</p><p>Aut minus porro voluptatibus. Voluptatibus aut reprehenderit sunt deserunt qui labore debitis eaque. Sunt sed explicabo molestias quis. Officia consequatur totam sint itaque voluptatem laboriosam adipisci.</p>', 0, '2022-09-26 13:55:45', '2022-09-26 13:55:45'),
(31, 27, '<p>Accusamus minima ut explicabo fuga. Modi debitis animi molestiae aut expedita. Aliquam excepturi eaque tempore perspiciatis nostrum qui.</p><p>Nihil hic quam culpa nihil autem sint hic. Magni in quo qui eius. Rerum qui omnis quis sit reprehenderit quia.</p><p>Pariatur laboriosam ut eveniet eos. In suscipit ipsa nisi nihil itaque dolorum. Rerum autem porro dolores placeat labore non.</p><p>Et non porro omnis. Nihil et laborum voluptates aut. Aut facilis voluptatum inventore repellendus eum ab.</p><p>Modi ipsam pariatur nesciunt nam. Enim velit nisi recusandae voluptatem perferendis. Rerum magni autem minima est. Aperiam quisquam provident vero et.</p>', 0, '2022-09-26 13:55:45', '2022-09-26 13:55:45'),
(32, 17, '<p>Eveniet laborum dolores ducimus earum sed ut. Repellendus exercitationem non dolorem voluptatibus sed. Aperiam nam nostrum aut. Voluptas fugit ut error.</p><p>Quidem quos deleniti eaque itaque sapiente. Velit blanditiis ad pariatur accusantium.</p><p>Sit deserunt maiores facere deserunt nobis nemo. Libero qui sunt itaque. Quo sequi praesentium sapiente sed dignissimos eveniet.</p><p>Totam aut et quidem totam aut. Doloremque dolores incidunt ratione eveniet. Ipsam molestias voluptates ad voluptatem molestiae molestiae.</p><p>Sed dignissimos voluptatem aut fugiat sapiente debitis tenetur. Ea esse porro perspiciatis mollitia eos quod. Qui harum sit ut libero voluptates qui.</p><p>Distinctio totam qui numquam et enim. Occaecati iste sunt repudiandae. Deleniti quis velit neque eos.</p><p>Sequi delectus laborum eos facere ducimus eligendi. Aperiam ducimus cumque sapiente. Mollitia nisi ipsa dolorem veritatis doloribus enim qui. Voluptas possimus hic iusto facere optio qui doloremque. Ut nostrum velit et omnis.</p><p>Est quidem cum sed saepe voluptatum. Sit assumenda et sint ut dolores porro. Ut vel nobis modi ab sed.</p>', 0, '2022-09-26 13:55:45', '2022-09-26 13:55:45'),
(33, 24, '<p>Maiores facilis tempora deserunt suscipit cupiditate quis veritatis a. Sit beatae debitis nihil quo nam voluptas voluptates et. Laboriosam delectus occaecati enim atque nihil natus id.</p><p>Est labore quis eos autem maxime. Itaque perferendis a qui doloremque. Expedita id atque est voluptatum quia et. Doloribus expedita et ducimus ut velit repellat non. Sint ut ut deserunt cum delectus officia.</p><p>Dignissimos et voluptatum ab dolores reprehenderit laborum quo. Illo molestias deserunt exercitationem molestias quo. Quia optio alias voluptatum quia voluptas. Labore ut nesciunt voluptas omnis architecto eius.</p><p>Illo dicta qui est atque rerum. Ut pariatur culpa fuga perferendis sunt doloribus at dolor. Omnis quisquam voluptatem et fugit et. Aut inventore earum explicabo sunt necessitatibus minus.</p><p>Hic qui temporibus eum aliquam. Et et sed voluptas quam. Eos facere dolorem pariatur consequuntur nam quae.</p>', 0, '2022-09-26 13:55:45', '2022-09-26 13:55:45'),
(34, 30, '<p>Velit mollitia quo et odit dolor maiores. Quo nobis et eaque suscipit sit qui.</p><p>Impedit fuga odit quibusdam voluptatem asperiores vel nam. Vero voluptatibus sint dolorem dolorem quis soluta. At doloribus laboriosam sint ab id praesentium. Aut nobis quam natus aperiam enim quo. Natus consequatur voluptatem maxime delectus omnis modi reiciendis.</p><p>Labore ipsam natus sunt velit earum enim aspernatur. Dolore sit esse voluptas ut. In et itaque aut dolorem non suscipit.</p><p>Nisi ut quidem voluptas dolor odit consequatur est. Recusandae et distinctio et consequuntur id aliquid. Qui incidunt repudiandae harum molestiae et. Qui quos quo et.</p><p>Inventore dolores sit sint voluptatum voluptatem. Odit totam accusamus sed ex vel. Libero qui officia dolorum quia voluptatem ea et. Cum sunt voluptatem voluptates est ipsum in aut necessitatibus.</p><p>Sequi et error non odit. Aspernatur iure qui sed iusto aut nisi. Assumenda reprehenderit qui commodi architecto. Qui ut cumque hic. Ut saepe exercitationem iure labore tenetur.</p><p>Voluptates consectetur ipsum quae vel velit est. Soluta aut iste quam aut. Aut id velit harum.</p>', 0, '2022-09-26 13:55:45', '2022-09-26 13:55:45'),
(35, 49, '<p>Molestiae delectus vel inventore magnam eos at ducimus. Aut esse perspiciatis est praesentium suscipit. Optio et voluptatem est quasi illum a quo.</p><p>Cupiditate est eveniet sit qui accusantium. Numquam inventore non sit ut. Suscipit tenetur alias officia ut.</p><p>Doloribus eveniet doloremque expedita non. Accusamus non quasi sunt.</p><p>Illum voluptatem doloribus quam eum aliquam at. Suscipit dolorum distinctio quo eligendi fuga illo voluptatem. Alias possimus sint corporis nam et placeat reiciendis aut. Nostrum consectetur sint inventore iusto suscipit.</p><p>Itaque veritatis debitis ea repellendus molestias doloremque consequatur et. Maiores dolorum odio sit illum qui. Adipisci magni eum voluptatem in quidem. Soluta et et aut.</p>', 0, '2022-09-26 13:55:45', '2022-09-26 13:55:45'),
(36, 38, '<p>Molestiae eaque nemo aliquid corrupti deserunt officiis placeat doloremque. Tenetur ut id facilis sed est recusandae. Veritatis dolore aliquam qui.</p><p>Exercitationem rerum consequatur nam debitis sed nihil dignissimos dolore. Sed recusandae odit vel dolorem molestiae quaerat. Aut voluptatibus cum et itaque et velit amet.</p><p>Rerum dolorum sit eaque est soluta. Velit molestias et minus saepe. Quia quaerat officia esse. Dolor sequi nesciunt iste quo architecto occaecati accusamus.</p><p>Molestiae nesciunt et inventore amet est corrupti ut. Nisi at fugit eum vitae rerum. Vitae dignissimos nulla sapiente amet ea dolores voluptatem.</p>', 0, '2022-09-26 13:55:45', '2022-09-26 13:55:45'),
(37, 2, '<p>Est qui veniam ut. Sit ut quae eius possimus aspernatur neque. Eius corrupti maxime sit ut cupiditate accusantium tempora.</p><p>Voluptatem provident possimus dolore nobis dolores. Dolor nihil ipsam eveniet aut. Facilis eos est vitae quibusdam.</p><p>Aspernatur rem molestiae voluptas delectus ipsa. Sint et velit quia ratione possimus a. Eveniet et sed excepturi quidem. Unde voluptates et omnis exercitationem.</p><p>Aperiam sed nesciunt mollitia assumenda corporis quae. Minus quidem consequuntur ducimus enim est cum et ullam. Quibusdam voluptatem nam mollitia blanditiis blanditiis.</p><p>Rerum adipisci ut suscipit magnam delectus velit necessitatibus. Suscipit sint ratione temporibus sed. Vel rerum sint dolorem ut culpa voluptatem. Iusto deserunt molestiae et asperiores.</p><p>Est totam ut autem accusamus error quis consequatur. Sit omnis nihil quo non. Culpa eos fugit omnis enim qui. Voluptatem aperiam molestias dolorum exercitationem rerum voluptas.</p><p>Dolor eos et minima vel aut nulla eveniet. Omnis et vero et odit. Officia consequuntur et quia necessitatibus.</p><p>Illo a assumenda ut nostrum labore. Voluptatem voluptatum ipsa perspiciatis sed perferendis possimus. Odit sit autem itaque nihil cum dolor sed quidem. Minima aut deserunt at unde sunt qui.</p><p>Vel quos atque sapiente et. Sequi quae eligendi velit mollitia deleniti. Eos ipsa recusandae sit eligendi quam assumenda consequuntur voluptas.</p><p>Vel ut voluptas voluptatem accusantium tempora doloremque dolores. Quam officia veniam recusandae quae tenetur. Nisi dolores delectus officia sit sed. Dignissimos omnis id amet est.</p>', 0, '2022-09-26 13:55:45', '2022-09-26 13:55:45'),
(38, 31, '<p>Veritatis placeat esse perferendis placeat. Sed repudiandae animi perferendis repellendus. Neque nesciunt vel aut delectus provident illum.</p><p>Qui ipsam quo ipsum officiis. Sapiente fugiat aperiam laboriosam deleniti suscipit ex. Voluptas illum fuga eos consequatur officiis illum voluptate. Vel est est eveniet deserunt.</p><p>Est earum accusamus ipsa qui. Modi aspernatur consequuntur quia nihil voluptatem similique. Necessitatibus ut voluptatibus consectetur molestiae aut voluptate omnis. Consequatur est optio doloremque maiores totam error et.</p><p>Temporibus dignissimos nihil magni inventore ut accusantium enim. Aut dicta in qui aut dolore necessitatibus. Quas alias magni numquam et aut. Corrupti eos aut nam fugiat velit.</p><p>Ut ea quia doloremque eos. Voluptas enim et quaerat aspernatur recusandae quia. Placeat natus illo nam cum quis ea voluptas. Deleniti impedit qui consectetur illum.</p><p>Id sit qui consequatur eveniet. Reprehenderit quo libero eius qui modi. Architecto soluta ratione doloremque fugiat.</p><p>Quis mollitia quo ut enim rem vero. Repellat fuga quam eum laudantium ducimus quis reiciendis ut. Dolor exercitationem non modi eius.</p><p>Dolores saepe doloremque asperiores non. Enim est voluptas saepe libero. Quas quia dolorem eos maxime. Aut et enim libero et deleniti doloremque.</p><p>Dignissimos corrupti earum eos est. Magni qui laboriosam et sequi perferendis. Nulla dolorem ipsam molestiae et sed.</p><p>Aspernatur ut sapiente vel occaecati doloribus expedita assumenda. Voluptate vero ratione enim occaecati.</p>', 0, '2022-09-26 13:55:45', '2022-09-26 13:55:45'),
(39, 38, '<p>Repellat ipsam eligendi est sit. Nostrum qui cumque quo itaque quia et. Est nisi eius et enim rem. Autem nisi ipsa numquam ex voluptas.</p><p>Perspiciatis culpa corrupti ut aspernatur repudiandae aut eum qui. Consequatur eaque cupiditate pariatur et culpa eos. Et accusantium sint pariatur similique non et et.</p><p>Voluptas reiciendis assumenda aspernatur error repellendus qui odit. Aut animi ex est molestias in ea. Nesciunt porro voluptatem qui et quibusdam alias.</p><p>Laboriosam occaecati recusandae placeat repellendus. Voluptatum laborum est nostrum ratione. Consequatur minus inventore labore doloribus nemo. Molestiae quis autem rerum et debitis minus. Saepe molestiae incidunt fugiat sit.</p>', 0, '2022-09-26 13:55:45', '2022-09-26 13:55:45'),
(40, 45, '<p>Placeat velit commodi consequuntur natus voluptas alias voluptas. Quod quis voluptatum sit quis necessitatibus. Doloribus consequatur expedita delectus. Consequatur cumque eius quidem esse autem.</p><p>Officia rem totam totam sequi. Similique doloribus beatae minima molestias est ab ipsa delectus. Molestiae quia sunt facere recusandae debitis. Qui ut eos itaque et magni voluptatem. Aliquam aut voluptas sunt fugiat reiciendis earum.</p><p>Vero et nihil et dolores et dolor. Rerum asperiores occaecati qui dignissimos sit. Nostrum aut autem sequi.</p><p>Enim vel ea numquam. Accusantium qui corrupti natus asperiores sint autem. Doloremque accusantium nihil nam facere dolores.</p>', 0, '2022-09-26 13:55:45', '2022-09-26 13:55:45'),
(42, 2, '<p>Molestias et veritatis sapiente sed quod est. Unde iste in eos. Quasi recusandae cum expedita sit odit. Aliquid aperiam velit voluptatibus atque iusto ratione. Necessitatibus at sit incidunt illum ut voluptas qui ad.</p><p>Iusto eveniet at voluptatum fugiat. Consequatur et blanditiis vel rem eos. Modi non et ipsum ut. Corporis rerum voluptatem sit praesentium quia.</p><p>Aut est nihil velit. Sapiente ut in eligendi dolores ducimus natus enim. Repudiandae consectetur est excepturi enim ea.</p><p>Qui numquam qui asperiores quos. Et atque est quo repellat et dicta. Quam sit labore rerum et aut fuga.</p><p>Aperiam illum ab sit nulla necessitatibus et hic. Sed perferendis earum perspiciatis veritatis neque ea ea. Et eum dignissimos omnis veritatis. Ea ea minus nisi aut.</p><p>Maiores expedita quae nam natus inventore mollitia. Facilis necessitatibus voluptas eligendi officiis. Ex sunt odit quis iste.</p><p>Aliquid nostrum voluptatem minima rerum. Dolor sint hic qui non. Nam ex ut numquam nisi.</p><p>Id occaecati nemo perferendis officiis neque eaque doloremque. Ratione suscipit et sint deserunt at delectus. Est magni aut voluptates reprehenderit nihil nemo.</p><p>Expedita laudantium corrupti occaecati officiis veniam. Atque soluta inventore eveniet amet sunt consequatur quaerat delectus. Praesentium est esse dicta nesciunt adipisci odit vel sit.</p><p>Fugiat voluptas delectus sunt commodi. Temporibus sit alias voluptatem in ullam.</p>', 0, '2022-09-26 13:55:45', '2022-09-26 13:55:45'),
(43, 11, '<p>Sequi officia debitis nihil voluptates sed. Nulla aut voluptatibus aut pariatur. Aliquam soluta ducimus et occaecati sunt reprehenderit quo.</p><p>Non voluptates facere rerum deleniti laudantium soluta dolore. Asperiores hic doloribus tempora eum facilis. Vero itaque commodi et temporibus numquam. Ullam in expedita doloremque ut.</p><p>Non nihil enim corrupti eum laborum officia exercitationem. Aut perferendis assumenda enim magnam nesciunt eum fugit. Harum fugiat veritatis sunt animi fuga.</p><p>Quos qui similique est quisquam. Error ipsum aut dolorum ea asperiores. Itaque consectetur dolorem nam omnis ea. Aliquam rerum commodi pariatur eaque corporis.</p><p>Labore omnis sint exercitationem. Rerum consequatur repellendus facere repudiandae fuga. Autem voluptatum ea atque aspernatur impedit officia repellendus.</p><p>Aperiam quidem ut enim et voluptate maxime. Ea id ut mollitia dolorem. Atque aliquam earum possimus quis praesentium aut sed eveniet. Accusamus laudantium et eligendi aliquid et velit aliquid.</p><p>Et vel aut voluptas. Necessitatibus qui minima harum sit eligendi non perferendis ipsum. Labore error assumenda officiis qui eos soluta. In voluptatem nostrum iure sed.</p>', 0, '2022-09-26 13:55:45', '2022-09-26 13:55:45'),
(44, 18, '<p>Necessitatibus fugit fuga molestiae provident distinctio. Rerum rerum molestiae voluptas reprehenderit atque. Tempore blanditiis et molestiae debitis ut enim incidunt. Odio qui nihil quo eum fuga et illo. Sed ad qui accusamus cumque eum.</p><p>Inventore molestias quasi non. Soluta nostrum iure nisi accusamus architecto totam. Nostrum et perspiciatis quaerat omnis labore consectetur. Perferendis quo voluptatem nihil.</p><p>Omnis nulla autem est consectetur cupiditate qui. Neque maxime laboriosam quasi molestiae. Ipsam omnis alias fuga sed. Reprehenderit cum in sit doloremque et provident ut.</p><p>Nemo impedit vel deleniti aut libero nam. Neque eos minima omnis est error aperiam. Sit ipsam reiciendis quam cum facilis inventore.</p><p>Corrupti delectus nihil similique voluptatem accusantium sit. Suscipit et sit ipsa voluptas. Molestiae officiis est consequuntur quia ea at. Aut dolorem occaecati rerum ea. Ex dignissimos quia ipsam quasi non.</p><p>Voluptas rerum iusto eius expedita tenetur eveniet est laudantium. Sed maiores maxime et commodi ullam consequatur rerum. Et aperiam libero tempore dolore in esse.</p><p>Odit sit facere rem non. Quo aut voluptatem alias dicta voluptate. Qui qui quidem iusto iusto. Delectus est placeat numquam fuga voluptate dicta.</p><p>Nihil laborum optio commodi dolorum cupiditate quidem dolorem. Ullam sint ducimus perspiciatis sit rerum. Et vero earum itaque omnis repellat. Facere minima non rem impedit doloribus rerum vel aut.</p>', 0, '2022-09-26 13:55:45', '2022-09-26 13:55:45'),
(45, 50, '<p>Labore rem sit consequatur beatae doloribus et. Cupiditate rerum ullam optio aut ratione dolorem.</p><p>Eaque adipisci voluptatem eos id. Qui nobis laboriosam reprehenderit a. Sed quos magni ducimus molestias ex assumenda quidem delectus. Laudantium et voluptas velit tempore.</p><p>Quas sunt tempora pariatur laboriosam itaque. Ea aliquid suscipit possimus nesciunt sit repellat quia. Suscipit et ad labore similique. Alias ex illo aut atque.</p><p>Et libero aut quo quis dolorem dolor omnis. Et voluptatem qui tenetur debitis. Sit perspiciatis ut debitis consequatur nihil quaerat. Explicabo et commodi fugiat adipisci error aliquam molestiae.</p><p>Laboriosam quo reprehenderit velit. Aliquam sed cupiditate debitis nesciunt voluptate et voluptate. Est ut natus nesciunt necessitatibus est quia excepturi. Velit suscipit corporis omnis nobis.</p><p>Ad sint quis totam accusantium in amet itaque. Illum eveniet sit sunt dolor facere officiis. Quia rem et perferendis officia sapiente commodi sint et. Dolorum provident voluptas voluptatum doloremque.</p><p>Magni in rerum nobis totam quia sit. Suscipit unde consequuntur sed voluptate vero et. Provident dolorem odit quia itaque aut incidunt quod. Nulla neque omnis facilis.</p><p>Iste reprehenderit ipsa sunt exercitationem. Dolore cumque maxime ab. Quia quas praesentium impedit quisquam. Laborum praesentium molestias molestias et officia.</p><p>Est dolores explicabo laborum. Sit et ut et facere consectetur et ipsum. Veritatis quidem consequatur dolor nesciunt enim ad ipsam optio.</p>', 0, '2022-09-26 13:55:45', '2022-09-26 13:55:45'),
(46, 9, '<p>Distinctio ex alias hic occaecati eos. Recusandae voluptas asperiores qui quia. Dolorem natus voluptatem sint eaque.</p><p>Magni earum placeat vitae ad commodi. Et perferendis alias animi velit voluptatibus est. Eveniet dolorem non deleniti voluptatum.</p><p>Qui qui placeat quo facere odio voluptatem sit. Placeat quod beatae debitis dolores minima nisi. Ipsa iste est rerum blanditiis. Corrupti rem officiis ea. Qui velit voluptas consequuntur id vel et sed.</p><p>Omnis dolore repellat qui delectus saepe fugit. Dolor quis aut tenetur porro aperiam. Sequi qui dignissimos ab. Velit suscipit possimus nam accusamus sint cupiditate ipsam voluptatem.</p><p>Et aliquam deserunt et hic blanditiis repudiandae. Optio qui commodi ducimus ut. Inventore quas doloribus et illum ea. Sunt est fugiat ut facere.</p><p>Nihil animi placeat iste aspernatur et harum voluptas. Dignissimos libero inventore saepe voluptatem. Non iste praesentium odio tenetur error consequatur deleniti. Sed nihil similique nihil vero.</p><p>Odit est neque ab perspiciatis sed debitis molestias. Aut laborum modi voluptatem et dolores. Vitae similique quia qui id deleniti. Quia qui ea similique asperiores quam.</p>', 0, '2022-09-26 13:55:45', '2022-09-26 13:55:45');
INSERT INTO `feedback` (`id`, `aspirasi_id`, `feedback`, `isAdmin`, `created_at`, `updated_at`) VALUES
(47, 47, '<p>Sed quia quia optio sunt quasi. Ipsam consequatur tenetur aut reprehenderit consequuntur et provident. Eum sapiente fuga omnis.</p><p>Aut quis consequatur dolore sunt magni. Eum quia inventore nihil ad veniam ut ipsum id. Quia distinctio sunt sit animi laudantium blanditiis eum cupiditate.</p><p>Mollitia numquam odit dolorem et fuga temporibus omnis adipisci. Explicabo in et quaerat commodi repellendus. Consequatur rerum tempora sint autem.</p><p>Dolor ea recusandae eligendi assumenda ratione sit eum. Molestiae beatae quia doloribus aut et. Voluptatem debitis dolorem est cumque quia neque recusandae eum. Ducimus asperiores consequatur laboriosam possimus.</p><p>Eos sequi quas rem occaecati et qui facilis. Id atque earum dolores. Nostrum quas quia voluptas.</p><p>Fugit maxime ut qui dolore id eos praesentium. Aperiam debitis sed ipsum vitae perferendis asperiores id. Dolore numquam et architecto possimus culpa vel eveniet.</p>', 0, '2022-09-26 13:55:45', '2022-09-26 13:55:45'),
(48, 32, '<p>Labore consequuntur repellat quam dignissimos quis aut. Omnis tempora voluptatem molestiae ipsam amet cupiditate. Nesciunt esse ad et voluptas vitae illum. Ut omnis deleniti ullam rerum assumenda. Eos esse iusto aut officia rerum.</p><p>Est ut praesentium consectetur ut. Ratione facilis dolore inventore dolores. Voluptates incidunt excepturi ullam debitis eligendi.</p><p>Iure in illum dolore reprehenderit corrupti praesentium deserunt ut. Sint qui explicabo et culpa officiis saepe. Fuga reiciendis ut cum labore sed.</p><p>Aut qui eaque suscipit sit voluptatem. Et vitae veniam unde facere praesentium tenetur eum.</p>', 0, '2022-09-26 13:55:45', '2022-09-26 13:55:45'),
(49, 31, '<p>Ex et vel amet blanditiis deleniti eos. Dolorem et voluptatem error veritatis dolore quisquam sunt. Modi placeat sed aut doloremque.</p><p>Soluta perspiciatis molestiae beatae quo reiciendis consequatur. Ratione mollitia eos sed ut. Necessitatibus corporis eveniet voluptatem est nostrum. Hic deserunt incidunt ab necessitatibus nam.</p><p>Omnis commodi corporis neque odio ab modi est. Officia asperiores odio voluptates expedita accusamus et facere. Amet asperiores et quia perspiciatis ad atque.</p><p>Neque id illo amet. Blanditiis doloremque enim dolorem provident illo eveniet blanditiis. Et quis occaecati quis illo iure.</p><p>Et eos voluptatibus atque vel porro autem. Et qui sint et totam consequatur culpa. Dolorem beatae iure id nihil sunt recusandae. Laboriosam amet non officia dicta.</p><p>Libero explicabo nobis inventore. Labore provident enim optio a aut nam vero. Voluptatem magni perferendis et voluptas dolorum ab. Perferendis aut voluptate nobis tempore aliquid debitis.</p>', 0, '2022-09-26 13:55:45', '2022-09-26 13:55:45'),
(50, 26, '<p>Ratione accusamus quas ullam odit asperiores aut earum. Libero facere mollitia sint atque est molestias dolores. Consectetur ut blanditiis porro.</p><p>Saepe neque id quia nesciunt expedita qui. Voluptate soluta qui et animi voluptatem rerum quos. Molestias architecto distinctio error architecto incidunt. Doloribus perspiciatis rerum quia alias.</p><p>Dolorem nulla impedit nihil adipisci quia soluta id. Consequuntur et fugit asperiores minima natus odio omnis. Molestiae aut dolorum temporibus illum modi cupiditate repellendus. Sed ipsum nulla ullam occaecati eum ratione velit.</p><p>Recusandae doloribus mollitia maxime rerum. Velit iste numquam sed. A et vitae quam ullam ratione.</p>', 0, '2022-09-26 13:55:45', '2022-09-26 13:55:45'),
(51, 15, '<p>Non sunt et molestias ex sunt molestias. Ut tempore occaecati quasi nostrum. Dolor reprehenderit omnis excepturi iusto ipsam.</p><p>Veritatis vero architecto est porro. Corporis quia magni ut tempora. Doloremque non provident et repudiandae at neque.</p><p>Optio nostrum quia tenetur possimus repudiandae autem et. Ab illo debitis numquam sint officia. A repellat aut ipsa veritatis necessitatibus est. Officia ea ut incidunt ut quia magni autem. Esse nisi cupiditate similique ipsam.</p><p>Dicta animi non rem omnis est sit necessitatibus. Reiciendis similique qui ipsam. Aut hic minima tempore corrupti cumque non velit.</p><p>Repellendus sed quasi suscipit sunt rerum quibusdam impedit. Doloremque doloremque quaerat cum reiciendis ut deleniti. Consequatur fuga voluptatem officia eum laudantium excepturi illum. Ea explicabo minus vitae est.</p>', 0, '2022-09-26 13:55:45', '2022-09-26 13:55:45'),
(52, 3, '<p>Esse dicta suscipit pariatur. Modi temporibus et nobis explicabo. Quam nihil nulla similique in. Ipsa autem ducimus consequatur quis porro. Provident rerum qui debitis fugit.</p><p>Cupiditate quaerat eius sit commodi expedita eum laborum. Qui et nulla qui architecto sequi.</p><p>Dolor eos ea nostrum. Voluptatem laboriosam quibusdam quam nostrum mollitia. Alias impedit tenetur et earum aut et nam.</p><p>Rerum modi dignissimos aliquam fuga facere. Qui consequatur illo mollitia et. Illo quis alias tempora illo voluptatum soluta. Ullam in qui nihil quo et officia aut. Tempora explicabo laborum eligendi.</p>', 0, '2022-09-26 13:55:45', '2022-09-26 13:55:45'),
(53, 26, '<p>Expedita nesciunt est in sit repudiandae. Delectus earum libero iure atque quis a soluta. Dignissimos quas porro veniam maxime eum et. Ipsum illo dignissimos et modi.</p><p>Consequatur eaque enim maxime cumque aliquid aut consequatur. Ipsam et rerum illo vero. Voluptas sed enim qui dolorem facilis perferendis et.</p><p>Nemo recusandae autem sequi molestiae maiores quia. Quo harum et sit eos voluptas dignissimos laboriosam debitis. Quo debitis expedita quae ab. Nulla architecto laborum ipsam repudiandae possimus dolore ut.</p><p>Provident sit incidunt reprehenderit qui non est inventore a. Aliquam quos itaque animi harum. Dolores nisi dicta aut et.</p><p>Repudiandae mollitia omnis vel corporis repudiandae magni. Iure tempora consequatur occaecati rerum eveniet. Odio officiis eveniet dolorem temporibus accusantium omnis. Eveniet nihil fuga facere eum voluptas blanditiis.</p><p>Hic eum dolor amet ab dignissimos et quis. Nihil velit neque nihil. Dignissimos assumenda nobis vitae et quia. Voluptas eos atque sunt praesentium natus est.</p><p>Magni accusamus et cum non cum. Perspiciatis odit quaerat vero eius.</p><p>Tempora voluptatem sunt est officiis in optio. Illo velit sunt quisquam error voluptas. Saepe quasi sequi enim.</p><p>Impedit in temporibus ut. Excepturi maiores ut tempora molestiae dolorum excepturi. Ab suscipit libero dolorem adipisci quisquam sunt quae.</p><p>Molestias corrupti voluptate aperiam distinctio omnis enim aut. Et omnis omnis optio earum. Eum molestiae et aut est et suscipit.</p>', 0, '2022-09-26 13:55:45', '2022-09-26 13:55:45'),
(54, 49, '<p>Eaque nihil suscipit porro veniam architecto non doloribus. Non et ex nam facere velit consequatur vero. Aperiam ut tempora vel dolorem omnis unde.</p><p>A ipsum unde laboriosam consequatur quos. Enim provident expedita deleniti tempora. Qui id sunt sit magnam recusandae.</p><p>Eaque et possimus excepturi ut voluptates odit cum. Modi quis possimus sed aut ut. Ipsa deserunt ex qui animi placeat fugiat.</p><p>Assumenda saepe optio dignissimos odio neque recusandae. Ratione neque voluptas ea mollitia officiis aut similique. Ea enim illum aut ex quos.</p><p>Tenetur aut voluptatem distinctio laborum sit. Dolore at facere quis impedit autem. Debitis dolor atque fuga delectus vitae voluptatem eos.</p><p>Voluptate voluptate et labore corporis. Quia vero culpa reiciendis. Quasi molestiae architecto ea.</p>', 0, '2022-09-26 13:55:45', '2022-09-26 13:55:45'),
(55, 2, '<p>Rerum consequatur qui eum molestiae qui perspiciatis. Vitae aut ut vel expedita similique sunt odit. Illo eos velit et quaerat et debitis.</p><p>Quasi asperiores debitis accusantium molestiae officiis pariatur. Nisi quaerat rem ipsum rerum quia rerum officiis. Mollitia necessitatibus sequi aut enim ut. Ut laudantium autem voluptas.</p><p>Tenetur amet velit laudantium qui ea. Possimus sed repellat eaque voluptatem laboriosam nemo quos. Amet consequatur omnis iure molestias minus quia consequatur quia. Ea aut eum porro.</p><p>Modi ad et voluptas ea. Aut quas sunt illum ullam. Earum nam rerum illum et.</p><p>Et enim quos libero libero laboriosam eveniet quia. Voluptatum optio tenetur ea eos pariatur dolor.</p>', 0, '2022-09-26 13:55:45', '2022-09-26 13:55:45'),
(57, 18, '<p>Eos aliquid officiis ad corporis laudantium voluptates labore. Rem voluptas sed ipsum. Ut voluptates est dicta. Sunt omnis optio consequatur ut accusantium consequatur molestiae odio.</p><p>Et eum voluptas qui sunt. Facere voluptates numquam expedita sunt voluptatem quaerat. Sed voluptatum voluptatum architecto perspiciatis eveniet placeat.</p><p>Iure dolores laborum voluptatem culpa quisquam. Est voluptate dolores hic asperiores.</p><p>Labore adipisci neque cupiditate voluptate. Nam velit consequuntur qui delectus quasi beatae. Quo numquam modi fugit cupiditate qui perferendis sint. Aliquid ut iste itaque aperiam cum.</p><p>Ut reprehenderit aliquid perferendis cum tenetur quia qui. Dolorem illum et sint enim sed. Est iure rerum autem facere tempora impedit. Perspiciatis est nam est consequatur voluptatum sed voluptatum vel.</p><p>Ut provident labore laborum. Ea mollitia et fugit. Optio praesentium consectetur iste. Nulla culpa in vitae eveniet et impedit doloribus.</p><p>Aut molestiae enim animi recusandae. Ut error expedita et voluptatem ea tempora perspiciatis. Ratione excepturi sunt earum aut sit officia molestiae fuga. Ipsam est occaecati rem ut accusantium nemo nobis neque.</p><p>Adipisci consectetur voluptas eligendi enim nulla ipsa sint. Vitae consequuntur ut et quia velit. Iusto repellat aliquid nesciunt similique omnis numquam.</p><p>Dicta culpa inventore laboriosam sed quos atque. Aut autem aut nobis et omnis odio. Qui omnis eius nostrum tenetur. Est non error quo qui corrupti.</p>', 0, '2022-09-26 13:55:45', '2022-09-26 13:55:45'),
(58, 38, '<p>Id corrupti autem minima. Dolorum qui aut esse suscipit et. Voluptates cumque odit ad ipsum.</p><p>Laborum non sint architecto dolorem voluptatem. Omnis dolor quaerat laboriosam culpa autem doloremque aut. Porro dolores eum sit ut dolor. Aliquid sit mollitia iure ipsam earum nostrum. Molestiae vitae odit hic et ut quo culpa harum.</p><p>Dolores officiis ad recusandae aut amet. Ut tenetur voluptatibus quae voluptate ex vitae. Consequatur exercitationem veniam quo sunt et consequatur commodi. Nulla odit esse sint consequatur tempore eum ut facere. Sed molestiae neque qui sapiente asperiores aliquid adipisci vero.</p><p>Eligendi tempore sit accusamus. Eos dolorem vel autem et totam cupiditate. Voluptas eligendi soluta non at omnis sequi eveniet in. In vero nam fugit eos et. Excepturi accusamus officiis molestiae eum voluptatem necessitatibus quae.</p><p>Sint eaque eum aut aspernatur voluptate. Pariatur maxime quas amet ad. Sapiente dolor qui qui.</p><p>Amet dolorem aut aut et. In velit dolorem est non cumque dolores. Ab sint impedit eos et.</p><p>Voluptas libero velit nam minima et vel ipsum. Atque fuga dolor sequi. Quidem corporis rerum libero nulla temporibus architecto beatae. Eos ipsa mollitia soluta id.</p>', 0, '2022-09-26 13:55:45', '2022-09-26 13:55:45'),
(59, 9, '<p>Repudiandae rerum totam a consectetur. Delectus et tempore velit. Rem sequi corporis aut. Quo quidem in dolorum ullam eos aliquam nostrum. Tempora debitis dicta aut saepe voluptas molestiae ut.</p><p>Quos dicta nihil quia perspiciatis. Nemo accusantium delectus asperiores minus eos. Molestiae voluptatibus cupiditate ducimus non.</p><p>Enim repellendus consectetur necessitatibus possimus excepturi. Aut facilis similique voluptates sint harum ea. Eum et qui quo aut exercitationem. Et repudiandae omnis delectus.</p><p>Earum sed eum eius autem sit. Asperiores ipsam id magnam nam. Doloremque aspernatur modi laudantium molestiae nesciunt.</p>', 0, '2022-09-26 13:55:45', '2022-09-26 13:55:45'),
(60, 8, '<p>Qui facilis fugit voluptas quia voluptate nisi. Et laboriosam est possimus quos aut. Assumenda quam natus perspiciatis omnis.</p><p>Aspernatur perspiciatis cumque facilis expedita quis commodi et. Ratione provident eligendi alias accusamus corporis. Assumenda in non aut odio temporibus aut.</p><p>Eaque aliquam a voluptatem et. Corrupti laborum a aut tempore quis perferendis et. Sint quod eveniet eos qui doloribus eaque.</p><p>Odit non vel unde. Est facere quam ipsa voluptate. Voluptatem voluptas eum a praesentium. Repellendus labore provident saepe sequi.</p><p>Aut dolorem explicabo vitae est. Commodi aut reiciendis cumque quia rerum. Nisi distinctio laboriosam voluptas consectetur cupiditate quasi eos. Molestiae laborum ut sit deserunt sit deserunt.</p><p>Nihil ab rerum est dignissimos. Ut omnis quo quia. Vero ipsam et non enim.</p><p>Pariatur quibusdam quas illum. Et natus ad voluptatum. At omnis velit nulla.</p><p>Nobis non et repellat perspiciatis. Fugiat nemo aliquid eius qui vel. Blanditiis soluta quia exercitationem voluptas impedit suscipit ducimus.</p><p>Eos est et facilis non exercitationem. Porro magni provident aliquid voluptas. Qui dolore rerum enim alias.</p>', 0, '2022-09-26 13:55:45', '2022-09-26 13:55:45'),
(61, 7, '<p>Est aut inventore et aut ut eaque voluptatem. Eos quia sit iste accusantium. Expedita ut consequuntur eos molestiae.</p><p>Expedita totam explicabo ut tenetur. Quis dolores ut natus ipsum doloribus harum tenetur. Quam ducimus quia cumque non. Eos quasi aliquam ea.</p><p>Et cum eveniet ea quia qui temporibus autem. Qui quasi unde esse. Ea adipisci distinctio voluptas quas quos veritatis sunt. Quasi minus necessitatibus adipisci assumenda.</p><p>Cumque porro architecto sunt quam voluptatum molestiae. Ea nisi soluta et illo error. Autem eligendi iure earum ut. Tenetur voluptatem rem vel. Id doloremque amet laboriosam inventore.</p><p>Asperiores aliquam dolor quis. Deserunt repellat doloremque architecto impedit laborum. Et voluptatem ut dolor.</p><p>Nostrum omnis est consequatur id voluptas et. Cum voluptates quidem eum velit qui. A consectetur qui ut voluptates et natus.</p>', 0, '2022-09-26 13:55:45', '2022-09-26 13:55:45'),
(62, 13, '<p>Et temporibus rerum sunt enim dolorem id. Recusandae debitis et sit et molestiae natus. Et non pariatur deleniti et autem sapiente aut. Quo temporibus esse laudantium tempora corrupti id ipsa. Quidem nam occaecati delectus enim omnis corporis.</p><p>Animi est voluptate cupiditate numquam nulla. Sequi doloribus aut dolore. Quis nihil velit quo odit molestias. Corrupti aut sunt non qui. Pariatur aut assumenda quibusdam modi enim ipsum.</p><p>Rerum maiores quia aspernatur quia. Nesciunt quia aut libero similique minus dicta ipsum occaecati. Aliquid quia eaque velit libero rerum a.</p><p>Delectus sunt eum corporis esse perspiciatis. Assumenda est ad voluptatem ut. Pariatur voluptas consequuntur temporibus praesentium sed. Illo nesciunt nostrum quasi.</p><p>Sit deserunt sit quas beatae qui voluptatem impedit. Natus qui quo suscipit enim qui saepe rerum. Et veniam sed numquam dignissimos aut qui nostrum. Perspiciatis molestias nihil nihil repellendus similique laborum nam cupiditate.</p><p>Aut est sit ipsam quae et ipsam minima. Amet accusantium nihil sit consequatur. Nulla labore est quis consequatur quo doloribus voluptate. Ducimus consequatur ut culpa quos rem dolor quasi.</p><p>Officiis velit odit non aspernatur et. Iure excepturi ut est iure illo laborum facilis. Deleniti nihil maiores soluta quibusdam. Omnis hic cum non ea.</p><p>Magni nostrum molestias ratione facere assumenda non. Omnis consequuntur dolorem iure repellat velit est. Ut dolor fuga ratione est.</p>', 0, '2022-09-26 13:55:45', '2022-09-26 13:55:45'),
(63, 42, '<p>Sequi asperiores quas nesciunt rerum quam voluptatem. Dolor deleniti error hic dolores culpa ad. Cumque nihil numquam et ad molestiae temporibus dolorum.</p><p>Quos vitae explicabo numquam necessitatibus dignissimos cupiditate minima. Odit ipsum minus nobis necessitatibus. Velit eveniet qui ducimus expedita.</p><p>Eum ut officiis commodi voluptatem illum delectus et. Neque nihil id doloribus quas labore sed. Ea voluptas perferendis aut modi. Temporibus excepturi aliquam placeat et consectetur et. Rerum nam rerum similique soluta.</p><p>Accusamus atque reiciendis ab labore. Provident in aut molestias inventore et doloremque voluptatem. Totam iure atque aliquam odit est delectus sit et.</p>', 0, '2022-09-26 13:55:45', '2022-09-26 13:55:45'),
(64, 47, '<p>Maiores tempora iure eum aut sed ut. Iure voluptates modi sunt ut explicabo id vero deleniti. Similique est consequatur magni id neque odit omnis iure. Fuga dolor rerum quasi tempore veniam dolorem.</p><p>Voluptates sit aut nam illum nesciunt sunt enim. Et maiores eius aspernatur qui dolor ut. Eum autem quos est corrupti. Fugit minus quasi ex ea.</p><p>Laborum aut et eligendi ut. Vel rerum illum illum id alias consectetur. Illum molestias quidem eum qui sequi nulla. Deleniti corporis eum fuga molestias.</p><p>Officia id occaecati sed. Eos neque quidem quo dolor tempore iste officia. Qui id non vel laboriosam blanditiis.</p>', 0, '2022-09-26 13:55:45', '2022-09-26 13:55:45'),
(65, 20, '<p>Qui fugit est ullam modi aut. Ratione dolores voluptatem ea nemo atque officia dolores. Alias doloremque dolor sunt. Eius corrupti et asperiores quisquam voluptatum.</p><p>Nihil maxime qui non qui. Reiciendis ut ea distinctio voluptas qui. Fuga inventore aut voluptate voluptatem et repellendus.</p><p>Quia accusantium rerum exercitationem sit sed. Dolores neque omnis recusandae facilis aut. Quo saepe et esse autem cumque reprehenderit et. Voluptatem illo magnam dolore voluptatem.</p><p>Ut ut error eos aliquid. Molestias et voluptas quo. Incidunt repudiandae doloremque sapiente.</p><p>Enim et architecto deserunt. Maiores aperiam earum magni possimus voluptatem.</p><p>Cum rerum nobis natus laborum. Sint temporibus in cupiditate.</p>', 0, '2022-09-26 13:55:45', '2022-09-26 13:55:45'),
(66, 25, '<p>Labore accusamus ut nihil quam non enim ducimus. Est voluptates quis et eos aut quo voluptas. Amet aut nobis ad officiis atque accusamus qui.</p><p>Mollitia doloribus aut velit recusandae voluptate ab et. Voluptatibus voluptate in sapiente repellat doloribus porro expedita. Assumenda fugit unde eos distinctio.</p><p>Minus voluptatem laudantium ipsum quia. Soluta aliquam et reiciendis consequatur officia ut. Similique nesciunt pariatur laboriosam ut perspiciatis impedit aliquid laboriosam. Laudantium expedita numquam necessitatibus.</p><p>Cumque quod animi voluptas aut error. Eaque rem aliquam deserunt eos. Natus rerum asperiores ratione harum architecto ut fugiat. Fugiat eos aliquid et omnis mollitia et quia.</p><p>Accusamus dolorum ut architecto est voluptatibus officia ipsum. Neque aut placeat quod commodi cumque. Dolores cupiditate qui nulla voluptate. Et id inventore ut temporibus molestiae.</p><p>Explicabo sit laborum ut rem. Ut excepturi qui laborum quia nemo. Esse quidem modi expedita dolor. Non aut autem reprehenderit delectus eos est.</p><p>Commodi dignissimos sequi magnam magni in. Et enim voluptas laboriosam sit repudiandae accusantium aut. Et quo nisi adipisci facilis nisi velit consequatur nostrum. Sit sed et labore perspiciatis quam eum et.</p><p>Ad placeat asperiores incidunt aperiam tenetur. Autem harum molestiae dolores. Tempora non nemo quia velit quibusdam eum ut rerum.</p><p>Deleniti temporibus animi laboriosam eos. Incidunt numquam unde eos dolorum temporibus quasi non voluptatem. Veritatis sed vel perspiciatis sit dolorem asperiores. Quam rerum sit iure ut non tenetur.</p><p>Nostrum nam consequatur vel non. Autem totam non dicta. Suscipit ut velit minus repellat accusamus. Vero sed aut enim.</p>', 0, '2022-09-26 13:55:45', '2022-09-26 13:55:45'),
(67, 49, '<p>Et vero adipisci omnis qui in. Velit nobis ut atque at cumque labore ut. Sequi laborum voluptas nobis non aperiam ad ad. Consequatur expedita fuga maxime deleniti velit et.</p><p>Molestiae mollitia molestiae itaque. Minima dolores cum ducimus et quo sequi doloremque. Doloremque voluptatem consequatur natus quis est a et ea.</p><p>Ut dolore placeat quibusdam qui quod. Error ad recusandae cum qui. Voluptatem saepe iure numquam sed aperiam et.</p><p>Autem culpa deserunt enim at dolore animi. Ut nisi quidem molestias nostrum nostrum architecto aut.</p><p>Recusandae in occaecati laboriosam rem. Id tempora atque velit rerum blanditiis temporibus. Delectus neque nam molestiae excepturi nihil quasi deleniti.</p><p>Dignissimos eaque est assumenda quasi illum nihil est. Neque velit at qui velit excepturi qui aut id. Ipsam corporis ad quo magnam.</p>', 0, '2022-09-26 13:55:45', '2022-09-26 13:55:45'),
(68, 6, '<p>Minus vel id expedita et molestias quia harum quasi. Totam quia atque et vel. Iusto laborum tenetur fugiat autem.</p><p>Necessitatibus optio amet sed. Provident magni incidunt numquam qui. Non corporis rerum corporis numquam quo rem perferendis. Recusandae officia et qui sint culpa.</p><p>Ut aliquam dolor dicta et alias sed est consequatur. Culpa reiciendis maxime ab sapiente culpa neque. Ea architecto eos expedita sed aut impedit. Voluptatum aut libero similique ad.</p><p>Numquam aut dolor autem inventore sit libero. Recusandae corporis ut molestias eligendi laboriosam minus ut placeat. Earum aut aut quia eos. Sed nobis quisquam ea rerum.</p>', 0, '2022-09-26 13:55:45', '2022-09-26 13:55:45'),
(69, 26, '<p>Nulla mollitia inventore distinctio quae inventore sit ut ex. Quisquam aut molestiae et vero. Non eos ut nulla dolor explicabo error aperiam. Ipsum iste perferendis nulla facilis.</p><p>Est corporis laudantium voluptatem maxime repellat doloribus. Ut porro ea doloribus laboriosam. Harum voluptatum optio autem ut. Eos voluptas tenetur voluptates aperiam aspernatur.</p><p>Sequi rerum est magnam suscipit nisi. Enim totam quia molestias illo enim commodi et qui. Nisi vel odit suscipit sint rerum excepturi sed.</p><p>Impedit sed quia id reprehenderit. Magnam quia et voluptas recusandae voluptates consequatur est. Maiores et ex ex reiciendis dolor. Dolor enim sunt cum fuga est voluptas et. Aspernatur veniam nisi repellat pariatur sed.</p><p>Et voluptatem ut et consequatur laboriosam dolores. Facere deleniti maxime veniam aut dolorem dolorum. Nemo id harum sint consectetur autem.</p>', 0, '2022-09-26 13:55:45', '2022-09-26 13:55:45'),
(70, 25, '<p>Error omnis iste aperiam deserunt. Voluptatem nostrum voluptatem rem.</p><p>Sit quia laudantium libero rerum qui. In id possimus sint consequuntur qui. Ad quae officia rerum impedit soluta.</p><p>Quis laborum vel dolore non. Consequuntur omnis molestiae numquam dicta incidunt. Quo excepturi tempore occaecati et aut.</p><p>Voluptatibus necessitatibus voluptatem velit officia distinctio excepturi deleniti non. Nulla dolores fugiat laborum laborum amet. Inventore nesciunt sit inventore. Harum voluptate quis quas suscipit aliquam at.</p><p>Deleniti molestiae et dolorum mollitia. Maxime aliquid odio sapiente suscipit soluta delectus. Dolorum ducimus quas aut sunt. Ex placeat itaque in facilis officiis et.</p><p>Corporis ut voluptatem omnis repellendus aut. Et eum unde facilis autem reiciendis repellat sequi. Autem tempore quas nisi asperiores.</p><p>Omnis eum impedit blanditiis totam quis sint nostrum. Aut vel excepturi magni mollitia.</p><p>Exercitationem aliquam iusto eos voluptatem quam ipsam quia. Perferendis ducimus sed ipsam laboriosam qui est.</p><p>Qui magni nobis amet velit. Explicabo unde culpa provident et ullam autem sed. Ducimus eos voluptatem sit facilis repudiandae iure vero. Est necessitatibus ab omnis repellat quisquam deserunt. Quia ipsam iste aliquid qui veniam.</p>', 0, '2022-09-26 13:55:45', '2022-09-26 13:55:45'),
(71, 47, '<p>Accusantium quis vel est ducimus non fuga. Expedita fugiat cum dolores. Fugiat corrupti quis rem animi. Consequatur distinctio veritatis et non qui a.</p><p>Eos error fugiat neque incidunt. Ut enim neque esse rerum. Laboriosam libero odio accusantium ipsam incidunt quis perspiciatis.</p><p>Sunt enim repellendus qui incidunt tempore commodi qui. Omnis autem quis ipsum commodi. Saepe quia quas et consequatur doloribus ut exercitationem omnis.</p><p>Est qui voluptatem eius quis voluptate quam nesciunt. Cupiditate dolor dolore iste occaecati consectetur molestias mollitia. Eaque et aut mollitia sint consectetur. Et porro repellendus impedit distinctio reprehenderit deleniti.</p><p>Dicta nihil aut vitae adipisci eos molestiae ipsa. Corrupti eius est tenetur et illo qui accusamus facere. Voluptas soluta et corrupti quis.</p><p>Enim id qui sed ut qui aperiam. Voluptas dolore deserunt distinctio nihil consequatur repudiandae tempore. Nam ipsam ullam sapiente praesentium aperiam fugiat. Repellat debitis et odit doloremque nihil.</p>', 0, '2022-09-26 13:55:45', '2022-09-26 13:55:45'),
(72, 17, '<p>Temporibus odit provident voluptatem optio. Ullam quas provident modi enim nemo illo.</p><p>Non exercitationem accusamus quibusdam iste magni. Aut non quia nam eum quos consectetur. Excepturi aut quas dignissimos et placeat nobis non soluta. Distinctio mollitia eveniet esse eum.</p><p>Numquam labore et aut corrupti facere incidunt molestiae. Et et possimus amet aut est. Sit inventore ut eum voluptatibus optio inventore.</p><p>Et mollitia autem dolores. Quidem aliquid quo autem consequuntur suscipit labore alias. Magni ut fuga nemo fugit sint ducimus quo fuga. Natus fugiat corrupti ut totam.</p><p>Amet mollitia provident beatae ut reprehenderit quos quis similique. Placeat dolores quis modi sit voluptas explicabo rem. Deleniti rerum est velit maiores maiores.</p>', 0, '2022-09-26 13:55:45', '2022-09-26 13:55:45'),
(73, 22, '<p>Praesentium a iste incidunt odio. Non ipsam id dolor libero est excepturi voluptatibus. Recusandae a quis eum deleniti odio cumque enim. Porro necessitatibus sit doloribus quae.</p><p>Sit est maxime vero commodi accusantium quibusdam. Delectus deserunt sapiente similique error voluptate voluptatibus est rerum. Qui voluptatem sunt rerum distinctio qui sequi. Quisquam et ut blanditiis ea beatae ut.</p><p>Consequatur facilis explicabo itaque ipsum fugiat magni. Sit sed officia iure et excepturi. Omnis molestiae laboriosam quia ea nihil.</p><p>Incidunt nihil ducimus fuga ut ut. Hic quos officiis id quaerat unde. Odio ut et corrupti.</p><p>Commodi reprehenderit corrupti omnis occaecati. Quo sit facere dicta deserunt velit ut. Repellendus occaecati accusamus maxime.</p><p>Sapiente occaecati non qui est doloribus. Quam distinctio odit laboriosam rerum ipsa dicta necessitatibus. Eius asperiores tempora provident provident recusandae quos laborum.</p><p>Omnis non nisi sed ipsa at quibusdam. Aut sint et est vero. Molestias et autem harum alias. Est natus qui asperiores dolorem dolor iusto.</p><p>Maiores dignissimos quam ducimus saepe quo ut. Necessitatibus adipisci dignissimos reiciendis cum enim eos aut. Ad sequi expedita dolorum consequatur ut nemo ipsum. Placeat ipsa qui odio tempora autem.</p><p>Aut consequatur consectetur vitae deleniti nobis vel laborum. Aut aut inventore eum itaque. Sunt minima natus nam nobis modi voluptatibus aperiam tempore. Est sed blanditiis laboriosam id nostrum dolores.</p>', 0, '2022-09-26 13:55:45', '2022-09-26 13:55:45'),
(74, 25, '<p>Facere soluta aspernatur consequatur officia. Dolorem recusandae voluptas vitae qui enim corrupti.</p><p>Et ut inventore assumenda et distinctio. Cupiditate beatae laborum ipsam assumenda veniam. Nobis nesciunt voluptate ut neque tenetur. Consectetur eum dolorem numquam assumenda.</p><p>Non officiis id est voluptates unde. Consequatur iure ea impedit perspiciatis. Voluptas molestias minus vel odio sed officiis qui corporis. Ad tenetur sint voluptate possimus veniam iure reprehenderit.</p><p>Soluta enim perferendis consequatur officiis. Perferendis maxime consequatur in quis quos omnis. Sit id cum dolores recusandae. Vero similique rerum architecto illum dolores fugiat.</p><p>Quia quidem et incidunt sunt veniam aut consequatur. Repellat ab quam placeat. Ut porro sed quo et odit et corporis. Sit ipsum id necessitatibus.</p>', 0, '2022-09-26 13:55:45', '2022-09-26 13:55:45'),
(75, 20, '<p>Magnam ut molestiae occaecati reprehenderit est illum. Quia aut vel ipsum rerum enim aliquid illum maiores. Ab et ipsum consequatur consequatur id dicta.</p><p>Enim ducimus sed at qui et magnam quas. Repellendus tempora expedita voluptatibus ut occaecati tempora. Quia vel voluptatem totam saepe. Ipsa mollitia numquam ut quibusdam ut.</p><p>Mollitia voluptatem ratione ipsum optio corrupti. Est suscipit aspernatur facilis asperiores. Et esse magnam saepe aut corporis sint eaque.</p><p>Amet modi aliquam repellendus in harum possimus. Aut aperiam dolor rerum ratione. Quasi quo exercitationem excepturi modi voluptatem consequatur facere. Quis quo non aperiam et. Sed itaque delectus vitae odit quibusdam unde quibusdam ipsam.</p>', 0, '2022-09-26 13:55:45', '2022-09-26 13:55:45'),
(76, 1, '<p>Animi sunt corporis optio aut iure rerum modi. Omnis expedita voluptas id expedita eum delectus. Omnis aspernatur magni cum vel nihil.</p><p>Et deserunt laborum molestias iure. Libero quidem nostrum eos recusandae doloremque beatae sint quisquam. Dolor nobis debitis quas voluptatibus. Quae quia laborum soluta vel cum recusandae.</p><p>Cumque harum ratione voluptatem placeat. Molestias doloribus voluptate ad dolores iste architecto doloribus. Architecto consequatur deleniti qui.</p><p>Exercitationem nulla atque eum labore hic officiis excepturi. Ratione quos earum nostrum ex quod est accusamus veniam. Eaque deserunt itaque corrupti cumque porro vel. Qui explicabo rem quisquam suscipit quo et quia.</p><p>Ea vel numquam sit consectetur doloribus soluta ea quia. Nisi eligendi dolores beatae labore accusamus. Nihil minima autem quia. Et repellendus velit laudantium excepturi.</p><p>Ipsum nesciunt expedita ut dolores. Qui earum autem temporibus facilis quo neque. Est facilis et officiis beatae accusamus. Officia expedita aut iusto corrupti quisquam.</p>', 0, '2022-09-26 13:55:45', '2022-09-26 13:55:45'),
(77, 5, '<p>Sint officiis tenetur nesciunt aut minus quisquam. Ad est animi laborum dolore dolor. Qui distinctio facere corporis odit nisi architecto.</p><p>Iusto corrupti sed sit molestias. Sed voluptatem dolores aliquid autem eos ut velit. Voluptas dolores nihil eos. Voluptatibus officiis laboriosam consequatur aut recusandae sapiente et sit. Nostrum odio consequatur ut nihil.</p><p>Iusto dolorum sunt quia repellat quia. Nam autem voluptatem temporibus cupiditate enim sed.</p><p>Quaerat voluptates natus voluptates aliquam beatae voluptatem expedita. Ullam culpa perspiciatis beatae eos ad. Sint ipsa et et qui pariatur vel id.</p><p>Fuga accusamus ducimus sed dolores voluptatem. Corrupti rerum sint modi dolorem. Hic temporibus error vel. Consequatur hic aut eum aperiam quia ab.</p>', 0, '2022-09-26 13:55:45', '2022-09-26 13:55:45'),
(78, 48, '<p>Commodi sit nesciunt iste impedit laudantium ut itaque. Esse ex optio quae omnis modi et. Similique molestias repudiandae voluptas nisi ad. Animi consequatur quo magni ex doloribus asperiores quidem.</p><p>Alias praesentium recusandae inventore sit expedita dolor. Sint animi repudiandae labore velit nesciunt. Cum voluptatem qui sunt est quo non consectetur accusamus. Sapiente eum ut aut qui consequatur cupiditate et itaque.</p><p>Fuga fugiat esse reprehenderit asperiores qui. Esse aut ad et qui. Neque sit excepturi placeat ut sint.</p><p>Omnis sequi dolorem mollitia sequi eius facere. Porro et quis accusamus eveniet eius rerum. Maiores et enim sit ipsa. Ipsa consequatur ut voluptas.</p>', 0, '2022-09-26 13:55:45', '2022-09-26 13:55:45'),
(79, 24, '<p>Molestiae et fugiat eveniet incidunt itaque. Pariatur ducimus fugit doloremque et. Quam dolorem molestiae quo debitis quaerat totam.</p><p>Accusamus dolore et iure magnam dolorem animi quae. Voluptatem reiciendis est esse aperiam et similique harum adipisci. Odit iure aut voluptas laboriosam ad omnis.</p><p>Dolorem omnis maiores dolores aut. Mollitia quae quis aut et magnam placeat est. Quaerat molestiae veniam maiores sit. Nesciunt est consequatur quasi pariatur magni.</p><p>Cumque optio laborum inventore dicta occaecati excepturi magni. Corporis rerum molestiae officiis. Ea nam optio et aut aut corrupti. Sapiente incidunt et voluptas voluptate.</p><p>Error totam saepe aliquid explicabo inventore. Nesciunt neque sit quo amet non similique ut. Enim voluptatem accusamus voluptas non possimus non.</p><p>Unde voluptatibus rerum quis molestiae. Dolor blanditiis quisquam dolores eligendi laborum sed. Consectetur et et aliquid ullam molestias autem. Nihil accusantium praesentium aut ab magni quis.</p><p>Laudantium optio quis nemo molestias dolores perspiciatis in itaque. Quibusdam voluptas amet eaque sint qui.</p><p>Et et beatae fugit reiciendis laborum eum eaque libero. Reprehenderit est voluptates omnis est vero. Eligendi autem laboriosam sed. Tenetur laboriosam enim ut tenetur.</p><p>Consequatur et occaecati assumenda omnis. Sed eveniet qui et iusto est porro libero. Ut dolores sit amet atque distinctio.</p>', 0, '2022-09-26 13:55:45', '2022-09-26 13:55:45'),
(80, 37, '<p>Nostrum vitae ut est quis laboriosam. Temporibus dolor unde qui. Mollitia mollitia amet vel et atque totam qui. Deserunt hic mollitia voluptas corporis a nulla officiis.</p><p>Est dolores officiis rerum saepe et accusamus et. Veniam laboriosam quo consequuntur id aut. At sit aut rem possimus optio. Et impedit illo dignissimos quos illum animi eius.</p><p>Iure est ipsam vitae nisi qui. Sint quia consequatur vel id aut sit facilis. Minus vel aspernatur sint tenetur quidem tenetur ut quia. Minima repellat veniam itaque delectus atque consequatur laudantium sequi.</p><p>Rerum dolorum voluptas eum velit velit. Sint rerum impedit distinctio est corporis quo reiciendis. Enim aut id illum ut ea odit recusandae. Aut exercitationem eaque voluptatem a blanditiis.</p><p>Fugiat aspernatur vel veniam id. Necessitatibus rerum nostrum dolorem vel. Voluptas magni optio quia omnis est expedita.</p><p>Recusandae sed neque culpa voluptates quisquam perferendis dolor. Id aliquam eius culpa cupiditate quod. Aspernatur commodi odit at repudiandae qui animi est sunt. Quam ad et consequatur repellendus.</p><p>Aut distinctio tempore ratione. Molestiae tempore et eos voluptates ut sequi molestiae. Perspiciatis repellat explicabo debitis amet fugiat qui praesentium sit.</p><p>Aut excepturi eos veniam quam. Dicta ut nihil in eaque.</p><p>Sit consequatur corrupti iste error voluptatem dolorem voluptates. Vel officiis ex rem et architecto aut et voluptate. Corporis omnis iste quo nulla rerum quam. Saepe consequuntur ut quo ad perspiciatis voluptas sapiente veniam. Impedit voluptatem voluptate omnis mollitia odit delectus eligendi sed.</p>', 0, '2022-09-26 13:55:45', '2022-09-26 13:55:45'),
(81, 42, '<p>Nostrum et non aliquam. Perferendis similique tempora dolorem perferendis. Est hic illo exercitationem et. Voluptas sunt eos eligendi voluptas qui sequi eius aliquid.</p><p>Delectus repellat pariatur quam quis amet perferendis quasi ea. Porro doloribus consectetur ea vel sunt at. Dolorem illum doloremque nihil incidunt adipisci consequuntur.</p><p>Omnis tempora dolorem natus reprehenderit reprehenderit aspernatur voluptates est. Qui ad qui dolorem laboriosam quis quaerat. Rerum rerum dignissimos tempore et aliquam quidem.</p><p>Sed rerum et dolore temporibus voluptas quaerat quam. Qui nisi autem quo illo. Natus et omnis voluptates.</p>', 0, '2022-09-26 13:55:45', '2022-09-26 13:55:45'),
(83, 33, '<p>Et repudiandae et voluptatem et consequatur sequi pariatur. Culpa sapiente occaecati similique culpa est error est. Reiciendis velit odit ullam earum inventore quod magnam quia.</p><p>Id eaque qui excepturi blanditiis maxime eos dolorem. Sed non totam molestiae eveniet at consequatur omnis. Dolorum qui labore nihil esse velit non non. Id deleniti et possimus fugiat.</p><p>Non officiis vitae sint dolore quis id inventore omnis. Enim nemo fuga exercitationem at. Qui sint rerum soluta vero consequuntur.</p><p>Est omnis in tempora consequuntur nihil modi tempore. Laboriosam incidunt libero et qui mollitia. Sit delectus non explicabo voluptatem quia.</p><p>Sit quasi enim dolorum quam ea. Explicabo eum doloribus eos eum excepturi consectetur in. Numquam tenetur velit consequatur vel nam ex eos.</p><p>Tempora cum voluptate occaecati aut ea. Quas qui ad consequatur numquam.</p><p>Eaque fugiat aut rerum sapiente autem velit. Dolorum mollitia quasi voluptas voluptate nesciunt. Eum deleniti nisi libero aspernatur saepe autem pariatur. Et et minima doloribus mollitia.</p><p>Eaque laudantium numquam pariatur sit illum aut magnam omnis. Saepe eveniet placeat debitis ea dolores culpa quae. Velit rerum incidunt autem odit. Fuga est non atque neque.</p><p>In eius enim et ducimus esse. Quam perferendis recusandae laboriosam maxime. Maiores incidunt consequatur autem eius dolorum. Et soluta quidem veniam non fugiat.</p>', 0, '2022-09-26 13:55:45', '2022-09-26 13:55:45'),
(84, 15, '<p>Amet fugiat asperiores est. Vel voluptate qui voluptas et odit mollitia. Dolorum quibusdam ex minus aut illo et.</p><p>Sed eius consequatur qui quia occaecati sed rerum. At iusto aliquid velit. Praesentium et dolores architecto quibusdam occaecati. Quisquam rerum aut et nemo ut quia aut enim. Ut veniam minima veritatis accusantium voluptas tenetur.</p><p>Optio odit rem placeat voluptatibus id. Enim occaecati dolorem doloremque aspernatur quam. A quas dicta omnis et debitis ratione omnis. At reiciendis doloremque maxime eum sint est.</p><p>Dolor aliquid occaecati enim dolorem suscipit id rerum. Iste nihil id voluptatem vitae illum nihil enim. Fuga perspiciatis dolore est cumque. Eum adipisci omnis praesentium impedit sed. Explicabo maxime consequuntur animi sit et reiciendis et.</p><p>Nesciunt illo cupiditate deserunt modi perferendis. Quia libero commodi sunt aliquid consequatur repudiandae sed. Asperiores provident quis et.</p>', 0, '2022-09-26 13:55:45', '2022-09-26 13:55:45'),
(85, 39, '<p>Fugiat explicabo praesentium commodi officia eius molestias sint adipisci. Velit tenetur nostrum sit consectetur.</p><p>Qui asperiores ut suscipit a odit dolor. Deleniti excepturi commodi non laboriosam. Voluptas aut eaque consequatur doloribus nemo tempore facere. Delectus vero non neque odio ipsum vel corporis.</p><p>Sit cum sequi harum omnis. Et voluptas adipisci impedit.</p><p>Natus ipsa voluptas quos est sunt. Deserunt non minus excepturi ea omnis. Sint dolor non qui eum. Omnis vel qui ea voluptas itaque quaerat eligendi.</p><p>Ut id omnis mollitia qui omnis. Est aspernatur architecto rerum corrupti ipsum nostrum. Neque iste porro laborum ut saepe ducimus est. Vero aut dicta ducimus dolor numquam maiores.</p><p>Quia vitae assumenda aut illum. Quia accusamus voluptas officia iure. Laborum consequatur voluptatem quibusdam. Aliquam quaerat libero facilis commodi omnis.</p><p>Occaecati architecto numquam voluptates nam culpa natus aspernatur. Vitae cum voluptatem reprehenderit ut quaerat perspiciatis est. Qui animi incidunt adipisci consequuntur nulla voluptatibus aliquid. Animi id ut voluptas a optio a.</p><p>Ea pariatur architecto sit et. Laboriosam beatae eos ipsa iste et. Eveniet et qui et exercitationem eaque possimus.</p>', 0, '2022-09-26 13:55:45', '2022-09-26 13:55:45'),
(86, 13, '<p>Eos dolorem reiciendis qui tempore nostrum. Ut illo sed voluptate dolore necessitatibus voluptate ut. Error veritatis numquam dolorum laboriosam corporis enim voluptatem. Architecto corrupti temporibus ut voluptatibus veniam.</p><p>Quibusdam recusandae vel voluptatem ipsum. Veniam magni repellendus quo provident quis. Soluta pariatur adipisci dolores distinctio et et.</p><p>Reiciendis iusto laudantium atque consequatur error veniam placeat. Nam dolorem aut veritatis natus. Aut natus quidem voluptatem illo in et. Aut occaecati aliquam sapiente placeat labore.</p><p>Officiis assumenda iusto numquam ut animi rem. Totam est consequatur accusantium. Eos est iusto perspiciatis molestiae. Est ullam qui voluptatum incidunt voluptatum ab suscipit.</p><p>Esse est nemo ipsam quas placeat molestiae. Molestiae cupiditate deserunt molestiae recusandae dolorem laboriosam. Hic ut tempore culpa quas. Quidem ut dolor non corrupti.</p>', 0, '2022-09-26 13:55:45', '2022-09-26 13:55:45'),
(87, 19, '<p>Nihil perferendis quo qui maiores consectetur. Culpa maxime minima ab nulla tempora voluptas. Occaecati qui delectus saepe est sit cumque. Aut necessitatibus voluptas omnis voluptas nulla doloremque qui voluptatem.</p><p>Laudantium sed velit consequatur corporis quia omnis corrupti. Mollitia ut enim nulla hic eum nihil recusandae sint. Hic reprehenderit iusto ut laudantium id. Et veritatis in illum rerum mollitia aliquam.</p><p>Ut omnis veniam sed deleniti. Perspiciatis non quaerat asperiores. Maxime et voluptatem numquam tempore repudiandae est. Dolor eaque quos incidunt labore.</p><p>Quas maxime cum veritatis perspiciatis qui tempora distinctio. Odio ullam tempora maiores. Rerum odit minus voluptatem praesentium veritatis totam.</p><p>At vel ab aut eligendi. Suscipit non consequatur possimus fuga rerum sed. Ut quidem eius quo est.</p><p>Et rerum enim mollitia earum voluptas. Quia totam sit illo natus laboriosam dignissimos mollitia dicta. Autem neque voluptatem ut quidem iure eveniet. Aut voluptas id possimus nihil quidem.</p><p>Corrupti quo voluptate necessitatibus unde. Sit beatae cumque aspernatur itaque eos ad.</p>', 0, '2022-09-26 13:55:45', '2022-09-26 13:55:45'),
(88, 46, '<p>Laboriosam et corporis ea. Et est eveniet impedit dolor. Consequatur non qui optio iusto odio est sed. Aut explicabo tempore quo incidunt voluptas.</p><p>A laborum iure sint impedit sapiente optio. Ipsam molestiae quia et vero maxime. Dolores aut consectetur enim fugiat exercitationem quia exercitationem enim.</p><p>Qui ducimus vel libero modi placeat ut at. Temporibus temporibus explicabo dolorum eveniet rerum est similique ut. Dolores dolor molestiae ratione odio quod. Ipsum natus cupiditate accusamus at necessitatibus ipsum.</p><p>Aut laudantium quia debitis. Porro consequatur asperiores qui perferendis accusantium quaerat nesciunt. Voluptas consequatur ut aliquam iusto vero error earum.</p><p>Et dolores sequi fuga aut qui. Labore inventore sapiente ut hic. Ut architecto voluptatem saepe quo sint.</p>', 0, '2022-09-26 13:55:45', '2022-09-26 13:55:45'),
(89, 35, '<p>Iusto et dolore ex ex in suscipit minima. Id mollitia quia consequatur inventore ut illum ad. Enim itaque incidunt sequi doloribus aperiam et vitae. Aut eveniet ducimus sit fuga.</p><p>Perferendis voluptatem odio ratione. Architecto autem ex nihil voluptates in culpa. Reiciendis debitis nihil officia aliquam nemo est. Perferendis provident deserunt eaque atque.</p><p>Eum in qui asperiores dolores. Voluptas vero aspernatur facere expedita. Veniam qui sit non officiis corrupti consequatur asperiores cumque. Nihil modi voluptas expedita aliquam nemo sint suscipit.</p><p>Ad et facilis porro autem harum asperiores. Necessitatibus eum voluptas aut veritatis iusto velit dolore. Et qui ut veritatis qui.</p><p>Molestiae harum ut ipsum sequi et corporis pariatur voluptatem. Et adipisci qui reprehenderit nemo. Atque sapiente praesentium facilis illum. Placeat at aut delectus nisi et hic.</p><p>Ullam voluptatibus quas voluptate nihil voluptas aut. Aut qui quae porro voluptatem est ut consequatur impedit. Magni aut et fugiat molestiae voluptas.</p><p>Corporis et voluptas vel qui enim nam sunt. Aut est ut nam esse et quo. Rerum sed nesciunt dolores alias odio ut itaque.</p><p>Odit aut laudantium et nihil nostrum. Amet autem aut nobis facere sit. Sed facilis et itaque est corrupti autem officia.</p>', 0, '2022-09-26 13:55:45', '2022-09-26 13:55:45'),
(90, 11, '<p>Inventore veritatis nostrum nemo occaecati. Laboriosam voluptas dolores facere dignissimos quo minima. Nostrum ea neque qui rem laudantium consequuntur. Consequatur recusandae dolor nulla quia autem.</p><p>Pariatur velit in ullam id. Libero et ipsum sunt esse eos quia animi. Quia nemo ea error totam voluptatum ut assumenda quis.</p><p>Saepe animi velit nihil. Ab voluptatem id cum odit ad quas. Qui quod animi et eveniet ut. Nihil voluptas rerum perspiciatis earum omnis at.</p><p>Praesentium necessitatibus sit accusantium facere dolorem perferendis magnam dicta. Expedita qui officiis qui cupiditate veniam itaque et. Dolorem et quia sunt totam dolorem quia amet accusantium. Quas error dolores omnis ipsam.</p><p>Expedita aperiam architecto voluptas perferendis amet reprehenderit. Exercitationem ipsam consequatur et molestiae nisi labore enim. Dignissimos error natus in ea itaque. Magnam ut odio tempore sed quas minus totam.</p><p>Excepturi ad et recusandae repellendus beatae non. Eos ipsum sequi enim itaque tempore a ducimus. Vitae et minus vel quia.</p>', 0, '2022-09-26 13:55:45', '2022-09-26 13:55:45'),
(91, 42, '<p>Rerum ut quod itaque. Consequatur et quaerat mollitia iusto cum dicta.</p><p>Sunt eius perspiciatis architecto esse esse nobis eaque. Est inventore repellat illo voluptas. Vitae eveniet expedita maiores quae.</p><p>Quidem voluptatem esse minima non. Itaque doloremque voluptas eum.</p><p>Commodi quia amet eaque nisi consequuntur itaque. Mollitia modi animi voluptatem. Illo sit laboriosam et tenetur dolores a aut dolores.</p><p>Quisquam totam tenetur veniam occaecati quia sint ducimus. Dicta cupiditate dolorem iste esse. Doloribus sed qui ratione. Ea sit voluptas architecto ut sunt dolorem.</p>', 0, '2022-09-26 13:55:45', '2022-09-26 13:55:45'),
(92, 8, '<p>Laborum dolore quam dignissimos id laboriosam. Non consectetur velit eum accusamus cum eum. Magnam quo nihil ratione error provident quisquam.</p><p>Qui et at laboriosam. Qui molestiae aut enim rerum dolore aperiam sit est. Eligendi voluptas saepe distinctio rerum nihil aperiam explicabo.</p><p>Saepe maxime iste doloribus in. Expedita sed omnis voluptates dolore numquam id. Eligendi dignissimos eos iure atque totam repellat ducimus. Totam delectus laborum possimus assumenda quae animi.</p><p>Molestiae commodi non aspernatur rerum corporis enim voluptates. Impedit ipsam aut sint iure molestias. Et nostrum reiciendis dolore eum nihil corporis illum. Sint fugiat non tempora.</p><p>Sed rerum dolor nihil maiores. Incidunt dolores omnis repellendus vel nemo quae quae. Libero deserunt eum deleniti excepturi soluta eum eum. Tempore doloribus in ut est. Sit enim provident et porro quod et.</p><p>Dolores assumenda illum eius et eos ipsa fugit veritatis. Aut tenetur molestiae ullam et tenetur corrupti enim deserunt. Rerum blanditiis maxime excepturi minima possimus. Repellat aut sunt dolor ab corporis corrupti asperiores a. Voluptate aperiam aperiam dolore maxime modi debitis ullam.</p><p>Est sit asperiores vel nam quaerat vero sed. Iusto ut aspernatur dolorem velit possimus amet. Autem esse voluptatum sed occaecati omnis veritatis placeat.</p><p>Cupiditate facilis recusandae laboriosam fuga officiis non accusamus animi. Placeat et exercitationem aut ea labore et. Iusto in et sequi sequi.</p><p>Facilis suscipit debitis aut repudiandae quasi exercitationem repudiandae. Dolorem accusantium veniam provident ea quam. Voluptatum quos sit aut ducimus qui. Id amet distinctio dicta aut libero.</p>', 0, '2022-09-26 13:55:45', '2022-09-26 13:55:45'),
(93, 39, '<p>Illo possimus non repellat excepturi atque. Earum quos aspernatur repellat placeat. Aut officia tempora est quasi vitae tenetur ad.</p><p>Ad corrupti recusandae et doloribus molestiae ut. Quasi sint iste rerum. Voluptate recusandae voluptatum doloremque quos beatae quae est voluptas. Officiis deleniti esse eos rerum sed voluptate porro.</p><p>Et error illum aut accusamus similique dolorum molestiae officia. Aliquid sint eveniet vel voluptatem voluptatem enim. Culpa sit sed quia amet et.</p><p>Dolor nihil non et saepe dolores odit. Quo deserunt sit sunt nemo iure voluptatem. Non quia vitae occaecati quidem expedita esse iste.</p><p>Aut ut dolorum harum nemo impedit tempora ea voluptatem. Voluptas cupiditate laboriosam reiciendis eum ullam voluptas. Repellat ea quisquam inventore neque aperiam iusto. Aliquid ducimus a aut reprehenderit at.</p><p>Temporibus debitis aut magnam ullam in atque velit eligendi. Temporibus dolorum maxime qui molestias cupiditate nemo error. Accusantium alias molestiae velit rem. Perferendis quod est enim porro tempora fugit velit voluptas.</p><p>Voluptates assumenda autem perferendis non quas consequuntur. Eum ipsum consequatur et autem sit nihil. Sint voluptates quia voluptatem hic et. Totam autem occaecati distinctio eius.</p><p>Voluptatem vel minus dicta aut consequatur sunt delectus. Nobis atque nam neque.</p><p>Quia alias eum ut ipsa. Alias qui nemo velit ratione vero labore exercitationem.</p><p>Voluptas suscipit doloribus temporibus non nihil asperiores nihil. Nisi illum voluptas dolores. Vel et voluptas temporibus qui quis fuga laboriosam. Quas laboriosam alias nam quo quia ea.</p>', 0, '2022-09-26 13:55:45', '2022-09-26 13:55:45');
INSERT INTO `feedback` (`id`, `aspirasi_id`, `feedback`, `isAdmin`, `created_at`, `updated_at`) VALUES
(94, 38, '<p>Minima ut et corporis adipisci. Quibusdam optio quaerat rerum quibusdam animi accusamus. Blanditiis quo nesciunt molestiae corporis possimus rerum provident. Ad minus laboriosam at cupiditate autem ut laborum ut.</p><p>Tenetur asperiores eum repellendus. Sunt alias magnam illo non animi.</p><p>Distinctio porro nulla repellat voluptatum non. Praesentium dolores quos culpa cupiditate aperiam doloremque enim. Expedita omnis vitae nihil ut consequatur. Repellat aut soluta soluta eligendi est officiis.</p><p>Id dolorum consequatur soluta ut. Atque aut provident possimus repudiandae eveniet et. Consequatur saepe officiis tempora enim soluta facilis similique. Quo molestiae sequi a enim nobis consectetur rem.</p><p>Magni et eligendi neque quibusdam. Possimus quam veniam aut dolores in. Consequatur sunt fuga fuga quis debitis autem possimus. Et est et dolorum provident tempore sunt quia.</p>', 0, '2022-09-26 13:55:45', '2022-09-26 13:55:45'),
(95, 24, '<p>Est vitae autem esse aliquid reprehenderit. Voluptatum possimus animi hic quae sed. Aspernatur ut placeat corporis dolorem.</p><p>Quaerat velit a rerum assumenda sit doloremque vel. Tempore laboriosam ut maxime nihil. Et et modi praesentium assumenda nemo expedita eum.</p><p>Natus alias ut est. Officiis eos totam nihil possimus. Id similique optio cum est natus vel maiores. Praesentium sit reiciendis necessitatibus.</p><p>Quam consequuntur incidunt deleniti a nihil iste quidem. Iste ea aut sit. Dignissimos ducimus nobis beatae voluptatem esse. Delectus omnis consequatur sapiente dicta doloribus.</p>', 0, '2022-09-26 13:55:45', '2022-09-26 13:55:45'),
(96, 35, '<p>Nisi omnis velit est ex distinctio. Aut maiores et fugit. At maxime odit et.</p><p>Et magnam eveniet blanditiis dolore aperiam illum et nihil. Occaecati eum unde et incidunt. Ratione eligendi reprehenderit aut eum et qui. Non repudiandae distinctio possimus eius atque ut.</p><p>Eos ducimus non numquam et aut provident. Ut reiciendis quos reprehenderit impedit perferendis. Qui eligendi quae voluptatem eligendi excepturi.</p><p>Expedita tempora hic in veniam tempora. Natus et quam magnam vitae veniam qui molestiae. Facilis asperiores itaque provident accusantium.</p><p>Ipsam id veniam sit dolorum. Eum ducimus harum itaque delectus et aut autem. Voluptatem nam odit ab tempore corporis adipisci aperiam. Consequuntur magnam aperiam quis architecto a corrupti.</p><p>Non accusamus sed omnis illo sed. Sapiente reprehenderit tempora aut et asperiores blanditiis perferendis non. Voluptas ut vitae alias hic debitis.</p><p>Excepturi porro aliquid quod id quia eaque eveniet neque. Quia consequuntur consequuntur explicabo perferendis quis qui quia qui. Odit hic rerum et et. Facilis omnis ipsa voluptas et.</p><p>Qui molestias quis dolores rem animi et reiciendis. Dicta sit provident quos doloremque dolores quasi. Ea ut id corporis tempore. Non officia illum assumenda quisquam explicabo.</p><p>Aut quasi facere nisi explicabo. Ea consequatur aut eaque vitae aut. Eum culpa sit sunt. Aliquid sit veniam voluptate eum.</p><p>Et adipisci est amet consequatur aliquam quo quisquam quia. Consequatur est et non nesciunt et natus dolores nostrum. Enim ut nihil alias officia odit fuga. Iusto recusandae ipsam numquam fugit cumque ullam quo.</p>', 0, '2022-09-26 13:55:45', '2022-09-26 13:55:45'),
(97, 4, '<p>Architecto impedit iusto expedita. Voluptatibus atque unde eum ducimus praesentium possimus doloribus omnis. Exercitationem voluptatem ratione aut perspiciatis expedita. Quibusdam nobis libero cupiditate dolore tempora nisi.</p><p>Voluptatem iusto deserunt soluta et sunt. Molestiae molestiae dolores officiis iure ut. Voluptatem sed distinctio corrupti quidem sed amet.</p><p>Qui impedit sint qui deserunt. Quia et harum tenetur esse vero harum quisquam commodi. Ratione et quis vel veritatis suscipit et. Vel accusantium non quo sunt nesciunt nostrum.</p><p>Dolore atque recusandae ipsam in. Ipsam eum rerum dolorem doloribus voluptatem eum. Sint maiores veritatis nesciunt quia.</p>', 0, '2022-09-26 13:55:45', '2022-09-26 13:55:45'),
(98, 38, '<p>Ipsam et aut amet blanditiis eos. Corporis veritatis harum odit dolorem dicta et. Est ut voluptas praesentium minima. Sed molestiae voluptatem repellendus illo consequatur rem et nisi. Recusandae pariatur et doloribus aspernatur rerum.</p><p>Eos rem quidem minima. Consequuntur esse ab quibusdam. Quo qui dolor natus asperiores repellat eos.</p><p>Et placeat consequuntur dolores et nostrum aut delectus. Omnis sapiente libero voluptatum dolore a. Aperiam autem quae qui aliquid et magni.</p><p>Ut voluptates sapiente cupiditate omnis culpa aliquid. Nihil ut qui nulla. Dolores aut voluptas sit animi. Eos est eveniet eaque ut eius odio. Ullam inventore et qui ea consequatur aspernatur repellendus.</p><p>Consectetur nostrum eligendi assumenda ipsam sequi porro dignissimos. Voluptate totam deserunt qui sint adipisci. Temporibus asperiores eaque ipsum in qui laborum est.</p><p>Vitae excepturi voluptates et. Autem ratione sint dolorem expedita sunt voluptas. Rem pariatur officiis fugiat qui. Explicabo iste minima placeat possimus ipsam autem molestiae.</p><p>Delectus ea libero eum quis inventore laborum dolorem. Aut ipsam quas id ipsam qui est a ut. Vitae beatae voluptatem velit unde omnis.</p><p>Ipsam aut autem labore natus est. Culpa soluta temporibus fuga. Omnis iusto totam dolor sed in accusantium.</p>', 0, '2022-09-26 13:55:45', '2022-09-26 13:55:45'),
(99, 40, '<p>Voluptatem ut amet beatae mollitia temporibus tempora. Et ullam adipisci et fuga dolores quia ut omnis. Sunt repudiandae aut et quia.</p><p>Occaecati nemo rerum quis eius in nobis facere. Ut eos maxime corporis aut dignissimos nesciunt et ea. Impedit placeat rerum eligendi numquam quaerat et ut eligendi. Totam ut reiciendis ipsa expedita non vel.</p><p>Officiis exercitationem a ut sit. Autem sint veniam ullam porro. Labore veritatis beatae assumenda non sit est pariatur nihil. Culpa veritatis et fugit dolorem voluptatem autem dolor.</p><p>Et et voluptates recusandae rem ut excepturi est. Voluptatem ipsum voluptates voluptas rerum odit.</p><p>Expedita voluptatem et nostrum facilis sit. Enim ipsum velit dolorem rem molestiae dolores id. Ut voluptatem sunt quam. Est at officia sed aspernatur animi laboriosam ut optio.</p><p>Temporibus voluptatem aut illo placeat reprehenderit nihil ex. Qui enim doloribus nostrum quod maiores incidunt. Sed nulla nemo qui odit.</p>', 0, '2022-09-26 13:55:45', '2022-09-26 13:55:45'),
(100, 1, '<p>Beatae laborum sequi pariatur quia. Id quaerat sed iure natus blanditiis aut. Ab facilis alias nostrum consequuntur quisquam ab.</p><p>Distinctio iste non quos rem ea corporis. Deserunt sapiente veritatis laboriosam. Error aliquid sit error qui consequatur quia quia aut. Repudiandae esse quae ipsam dolores sequi. Porro voluptates recusandae nihil dicta sit tempora.</p><p>Quam quae est ut eum ut occaecati. Dolor doloremque nihil nemo quam eaque rerum sit voluptatem. Consequatur ipsa qui nihil. Autem repellendus asperiores accusamus.</p><p>Harum vel officiis et ut. Quo aspernatur labore quae inventore quibusdam culpa quaerat ut. Ratione voluptas occaecati sequi in commodi odit.</p><p>Est maiores fuga sequi fuga. Aut tenetur maxime quasi in sit quo iusto. Voluptatem minima explicabo asperiores consectetur qui.</p>', 0, '2022-09-26 13:55:45', '2022-09-26 13:55:45');

-- --------------------------------------------------------

--
-- Struktur dari tabel `log_admins`
--

CREATE TABLE `log_admins` (
  `id` bigint(20) UNSIGNED NOT NULL,
  `admin_id` bigint(20) UNSIGNED NOT NULL,
  `message` varchar(255) COLLATE utf8mb4_unicode_ci NOT NULL,
  `created_at` timestamp NOT NULL DEFAULT current_timestamp() ON UPDATE current_timestamp()
) ENGINE=InnoDB DEFAULT CHARSET=utf8mb4 COLLATE=utf8mb4_unicode_ci;

--
-- Dumping data untuk tabel `log_admins`
--

INSERT INTO `log_admins` (`id`, `admin_id`, `message`, `created_at`) VALUES
(1, 1, '$message', '2022-09-26 13:56:24'),
(2, 1, '$message', '2022-09-26 13:56:36'),
(3, 1, 'Admin : Admin telah login', '2022-09-26 14:02:46'),
(4, 1, 'Admin : \'Admin\' telah login', '2022-09-26 14:03:20'),
(5, 1, 'Admin : \'Admin\' telah login', '2022-09-26 14:09:34'),
(6, 1, 'Admin telah mengupdate status aspirasi 6', '2022-09-26 14:09:46'),
(7, 1, 'Admin telah menghapus aspirasi dengan id 10', '2022-09-26 14:12:02'),
(8, 1, 'Admin telah mengupdate status aspirasi 17', '2022-09-26 14:15:33'),
(9, 1, 'Admin : \'Admin\' telah login', '2022-09-27 12:22:14'),
(10, 1, 'Admin : \'Admin\' telah login', '2022-09-27 14:01:01'),
(11, 1, 'Admin : \'Admin\' telah login', '2022-09-28 13:00:52'),
(12, 1, 'Admin telah mengupdate status aspirasi 4', '2022-09-28 13:56:26'),
(13, 1, 'Admin telah mengupdate status aspirasi 1', '2022-09-28 13:56:56'),
(14, 1, 'Admin : \'Admin\' telah login', '2022-10-04 02:44:26'),
(15, 1, 'Admin : \'Admin\' telah login', '2022-10-13 07:29:36'),
(16, 1, 'Admin telah mengupdate status aspirasi 51', '2022-10-13 07:30:10'),
(17, 1, 'Admin telah mengupdate status aspirasi 37', '2022-10-13 07:31:13'),
(18, 1, 'Admin : \'Admin\' telah login', '2022-11-01 02:23:38'),
(19, 1, 'Admin telah mengupdate status aspirasi 14', '2022-11-01 02:24:36'),
(20, 1, 'Admin telah menghapus aspirasi dengan id 14', '2022-11-01 02:24:50'),
(21, 1, 'Admin : \'Admin\' telah login', '2022-11-07 12:24:40'),
(22, 1, 'Admin : \'Admin\' telah login', '2022-11-19 12:32:01');

-- --------------------------------------------------------

--
-- Struktur dari tabel `migrations`
--

CREATE TABLE `migrations` (
  `id` int(10) UNSIGNED NOT NULL,
  `migration` varchar(255) COLLATE utf8mb4_unicode_ci NOT NULL,
  `batch` int(11) NOT NULL
) ENGINE=InnoDB DEFAULT CHARSET=utf8mb4 COLLATE=utf8mb4_unicode_ci;

--
-- Dumping data untuk tabel `migrations`
--

INSERT INTO `migrations` (`id`, `migration`, `batch`) VALUES
(1, '2019_12_14_000001_create_personal_access_tokens_table', 1),
(2, '2022_08_30_124534_create_admins_table', 1),
(3, '2022_08_30_124752_create_categories_table', 1),
(4, '2022_08_30_124914_create_feedback_table', 1),
(5, '2022_08_30_125036_create_aspirasis_table', 1),
(6, '2022_09_04_121134_create_penduduks_table', 1),
(7, '2022_09_26_200028_create_log_admins_table', 1);

-- --------------------------------------------------------

--
-- Struktur dari tabel `penduduks`
--

CREATE TABLE `penduduks` (
  `id` bigint(20) UNSIGNED NOT NULL,
  `name` varchar(255) COLLATE utf8mb4_unicode_ci NOT NULL,
  `address` varchar(255) COLLATE utf8mb4_unicode_ci NOT NULL,
  `created_at` timestamp NULL DEFAULT NULL,
  `updated_at` timestamp NULL DEFAULT NULL
) ENGINE=InnoDB DEFAULT CHARSET=utf8mb4 COLLATE=utf8mb4_unicode_ci;

--
-- Dumping data untuk tabel `penduduks`
--

INSERT INTO `penduduks` (`id`, `name`, `address`, `created_at`, `updated_at`) VALUES
(1, 'Prof. Woodrow Schaden', 'eu_ES', '2022-09-26 13:55:45', '2022-09-26 13:55:45'),
(2, 'Leatha Herman', 'en_MH', '2022-09-26 13:55:45', '2022-09-26 13:55:45'),
(3, 'Herta Cummings', 'yo_NG', '2022-09-26 13:55:45', '2022-09-26 13:55:45'),
(4, 'Alvera Murazik', 'is_IS', '2022-09-26 13:55:45', '2022-09-26 13:55:45'),
(5, 'Daron Goodwin', 'ee_TG', '2022-09-26 13:55:45', '2022-09-26 13:55:45'),
(6, 'Dr. Abigale Brakus', 'ha_SD', '2022-09-26 13:55:45', '2022-09-26 13:55:45'),
(7, 'D\'angelo Mann', 'es_CO', '2022-09-26 13:55:45', '2022-09-26 13:55:45'),
(8, 'Lisa Krajcik', 'sw_TZ', '2022-09-26 13:55:45', '2022-09-26 13:55:45'),
(9, 'Dustin Paucek', 'zh_CN', '2022-09-26 13:55:45', '2022-09-26 13:55:45'),
(11, 'Timmothy Turcotte', 'ln_CG', '2022-09-26 13:55:45', '2022-09-26 13:55:45'),
(12, 'Kristofer Flatley', 'as_IN', '2022-09-26 13:55:45', '2022-09-26 13:55:45'),
(13, 'Prof. Hadley Labadie', 'ar_AE', '2022-09-26 13:55:45', '2022-09-26 13:55:45'),
(15, 'Else Kuhlman', 'mk_MK', '2022-09-26 13:55:45', '2022-09-26 13:55:45'),
(16, 'Cathy Douglas IV', 'gez_ET', '2022-09-26 13:55:45', '2022-09-26 13:55:45'),
(17, 'Talon Rodriguez III', 'sw_KE', '2022-09-26 13:55:45', '2022-09-26 13:55:45'),
(18, 'Darian Greenholt', 'sw_KE', '2022-09-26 13:55:45', '2022-09-26 13:55:45'),
(19, 'Eliseo Windler', 'fr_LU', '2022-09-26 13:55:45', '2022-09-26 13:55:45'),
(20, 'Dr. Leanna Weber', 'ha_GH', '2022-09-26 13:55:45', '2022-09-26 13:55:45'),
(21, 'Lacy Toy', 'fa_AF', '2022-09-26 13:55:45', '2022-09-26 13:55:45'),
(22, 'Tania Zemlak I', 'en_US', '2022-09-26 13:55:45', '2022-09-26 13:55:45'),
(23, 'Jade Bogisich II', 'es_CR', '2022-09-26 13:55:45', '2022-09-26 13:55:45'),
(24, 'Stefanie Koelpin III', 'hr_HR', '2022-09-26 13:55:45', '2022-09-26 13:55:45'),
(25, 'Javon Mayer DDS', 'ar_EG', '2022-09-26 13:55:45', '2022-09-26 13:55:45'),
(26, 'Boyd Gislason II', 'aa_ET', '2022-09-26 13:55:45', '2022-09-26 13:55:45'),
(27, 'Terrill Huels', 'nr_ZA', '2022-09-26 13:55:45', '2022-09-26 13:55:45'),
(28, 'Genesis Davis', 'es_CL', '2022-09-26 13:55:45', '2022-09-26 13:55:45'),
(29, 'Ansley Ryan', 'bn_IN', '2022-09-26 13:55:45', '2022-09-26 13:55:45'),
(30, 'Immanuel Graham III', 'ii_CN', '2022-09-26 13:55:45', '2022-09-26 13:55:45'),
(31, 'Miss Rahsaan Bauch', 'ar_LB', '2022-09-26 13:55:45', '2022-09-26 13:55:45'),
(32, 'Margaretta Wilkinson', 'uz_AF', '2022-09-26 13:55:45', '2022-09-26 13:55:45'),
(33, 'Prof. Horace Parker', 'ro_RO', '2022-09-26 13:55:46', '2022-09-26 13:55:46'),
(34, 'Carroll Beer', 'tt_RU', '2022-09-26 13:55:46', '2022-09-26 13:55:46'),
(35, 'Jakayla Von', 'ar_LY', '2022-09-26 13:55:46', '2022-09-26 13:55:46'),
(36, 'Carole Hartmann', 'sr_ME', '2022-09-26 13:55:46', '2022-09-26 13:55:46'),
(37, 'Norene Hessel', 'is_IS', '2022-09-26 13:55:46', '2022-09-26 13:55:46'),
(38, 'Laila Reinger', 'mr_IN', '2022-09-26 13:55:46', '2022-09-26 13:55:46'),
(39, 'Sabina Abshire', 'tg_TJ', '2022-09-26 13:55:46', '2022-09-26 13:55:46'),
(40, 'Andy Mosciski', 'bo_IN', '2022-09-26 13:55:46', '2022-09-26 13:55:46'),
(41, 'Bert Blick', 'bo_CN', '2022-09-26 13:55:46', '2022-09-26 13:55:46'),
(42, 'Amie Gutmann', 'ii_CN', '2022-09-26 13:55:46', '2022-09-26 13:55:46'),
(43, 'Ivy Lebsack', 'lt_LT', '2022-09-26 13:55:46', '2022-09-26 13:55:46'),
(44, 'Mrs. Dayna Kerluke V', 'ca_ES', '2022-09-26 13:55:46', '2022-09-26 13:55:46'),
(45, 'Luigi Ferry', 'hu_HU', '2022-09-26 13:55:46', '2022-09-26 13:55:46'),
(46, 'Amelie Nienow', 'ms_MY', '2022-09-26 13:55:46', '2022-09-26 13:55:46'),
(47, 'Samson Will', 'es_GT', '2022-09-26 13:55:46', '2022-09-26 13:55:46'),
(48, 'Prof. Ofelia Rosenbaum', 'de_AT', '2022-09-26 13:55:46', '2022-09-26 13:55:46'),
(49, 'Dr. Donavon Bogan', 'trv_TW', '2022-09-26 13:55:46', '2022-09-26 13:55:46'),
(50, 'Rozella Quitzon', 'sh_CS', '2022-09-26 13:55:46', '2022-09-26 13:55:46'),
(51, 'Chandra Wijaya Kusuma', 'SMK Telkom Jakarta', '2022-10-13 07:29:00', '2022-10-13 07:29:00');

-- --------------------------------------------------------

--
-- Struktur dari tabel `personal_access_tokens`
--

CREATE TABLE `personal_access_tokens` (
  `id` bigint(20) UNSIGNED NOT NULL,
  `tokenable_type` varchar(255) COLLATE utf8mb4_unicode_ci NOT NULL,
  `tokenable_id` bigint(20) UNSIGNED NOT NULL,
  `name` varchar(255) COLLATE utf8mb4_unicode_ci NOT NULL,
  `token` varchar(64) COLLATE utf8mb4_unicode_ci NOT NULL,
  `abilities` text COLLATE utf8mb4_unicode_ci DEFAULT NULL,
  `last_used_at` timestamp NULL DEFAULT NULL,
  `expires_at` timestamp NULL DEFAULT NULL,
  `created_at` timestamp NULL DEFAULT NULL,
  `updated_at` timestamp NULL DEFAULT NULL
) ENGINE=InnoDB DEFAULT CHARSET=utf8mb4 COLLATE=utf8mb4_unicode_ci;

--
-- Indexes for dumped tables
--

--
-- Indeks untuk tabel `admins`
--
ALTER TABLE `admins`
  ADD PRIMARY KEY (`id`),
  ADD UNIQUE KEY `admins_username_unique` (`username`);

--
-- Indeks untuk tabel `aspirasis`
--
ALTER TABLE `aspirasis`
  ADD PRIMARY KEY (`id`),
  ADD KEY `aspirasis_category_id_foreign` (`category_id`);

--
-- Indeks untuk tabel `categories`
--
ALTER TABLE `categories`
  ADD PRIMARY KEY (`id`),
  ADD UNIQUE KEY `categories_name_unique` (`name`);

--
-- Indeks untuk tabel `feedback`
--
ALTER TABLE `feedback`
  ADD PRIMARY KEY (`id`);

--
-- Indeks untuk tabel `log_admins`
--
ALTER TABLE `log_admins`
  ADD PRIMARY KEY (`id`),
  ADD KEY `log_admins_admin_id_foreign` (`admin_id`);

--
-- Indeks untuk tabel `migrations`
--
ALTER TABLE `migrations`
  ADD PRIMARY KEY (`id`);

--
-- Indeks untuk tabel `penduduks`
--
ALTER TABLE `penduduks`
  ADD PRIMARY KEY (`id`);

--
-- Indeks untuk tabel `personal_access_tokens`
--
ALTER TABLE `personal_access_tokens`
  ADD PRIMARY KEY (`id`),
  ADD UNIQUE KEY `personal_access_tokens_token_unique` (`token`),
  ADD KEY `personal_access_tokens_tokenable_type_tokenable_id_index` (`tokenable_type`,`tokenable_id`);

--
-- AUTO_INCREMENT untuk tabel yang dibuang
--

--
-- AUTO_INCREMENT untuk tabel `admins`
--
ALTER TABLE `admins`
  MODIFY `id` bigint(20) UNSIGNED NOT NULL AUTO_INCREMENT, AUTO_INCREMENT=3;

--
-- AUTO_INCREMENT untuk tabel `aspirasis`
--
ALTER TABLE `aspirasis`
  MODIFY `id` bigint(20) UNSIGNED NOT NULL AUTO_INCREMENT, AUTO_INCREMENT=52;

--
-- AUTO_INCREMENT untuk tabel `categories`
--
ALTER TABLE `categories`
  MODIFY `id` bigint(20) UNSIGNED NOT NULL AUTO_INCREMENT, AUTO_INCREMENT=6;

--
-- AUTO_INCREMENT untuk tabel `feedback`
--
ALTER TABLE `feedback`
  MODIFY `id` bigint(20) UNSIGNED NOT NULL AUTO_INCREMENT, AUTO_INCREMENT=101;

--
-- AUTO_INCREMENT untuk tabel `log_admins`
--
ALTER TABLE `log_admins`
  MODIFY `id` bigint(20) UNSIGNED NOT NULL AUTO_INCREMENT, AUTO_INCREMENT=23;

--
-- AUTO_INCREMENT untuk tabel `migrations`
--
ALTER TABLE `migrations`
  MODIFY `id` int(10) UNSIGNED NOT NULL AUTO_INCREMENT, AUTO_INCREMENT=8;

--
-- AUTO_INCREMENT untuk tabel `penduduks`
--
ALTER TABLE `penduduks`
  MODIFY `id` bigint(20) UNSIGNED NOT NULL AUTO_INCREMENT, AUTO_INCREMENT=52;

--
-- AUTO_INCREMENT untuk tabel `personal_access_tokens`
--
ALTER TABLE `personal_access_tokens`
  MODIFY `id` bigint(20) UNSIGNED NOT NULL AUTO_INCREMENT;

--
-- Ketidakleluasaan untuk tabel pelimpahan (Dumped Tables)
--

--
-- Ketidakleluasaan untuk tabel `aspirasis`
--
ALTER TABLE `aspirasis`
  ADD CONSTRAINT `aspirasis_category_id_foreign` FOREIGN KEY (`category_id`) REFERENCES `categories` (`id`);

--
-- Ketidakleluasaan untuk tabel `log_admins`
--
ALTER TABLE `log_admins`
  ADD CONSTRAINT `log_admins_admin_id_foreign` FOREIGN KEY (`admin_id`) REFERENCES `admins` (`id`);
COMMIT;

/*!40101 SET CHARACTER_SET_CLIENT=@OLD_CHARACTER_SET_CLIENT */;
/*!40101 SET CHARACTER_SET_RESULTS=@OLD_CHARACTER_SET_RESULTS */;
/*!40101 SET COLLATION_CONNECTION=@OLD_COLLATION_CONNECTION */;
